URL,Version,Status,OIDs,Name,Title,Description,Used
http://dicom.nema.org/resources/ontology/DCM,01,active,"1.2.840.10008.2.16.4",DICOM Controlled Terminology Definitions,,"DICOM Code Definitions (Coding Scheme Designator ""DCM"" Coding Scheme Version ""01"")","ValueSet/BRModalidadeImagem"
http://hl7.org/fhir/CodeSystem/medicationrequest-status,4.0.1,draft,"2.16.840.1.113883.4.642.4.1377",medicationrequest Status,Medicationrequest  status,"MedicationRequest Status Codes","ValueSet/BREstadoSolicitacaoMedicamento"
http://hl7.org/fhir/administrative-gender,4.0.1,active,"2.16.840.1.113883.4.642.4.2",AdministrativeGender,AdministrativeGender,"The gender of a person used for administrative purposes.","ValueSet/BRSexoNascimento,ValueSet/BRSexo"
http://hl7.org/fhir/allergy-intolerance-category,4.0.1,draft,"2.16.840.1.113883.4.642.4.134",AllergyIntoleranceCategory,AllergyIntoleranceCategory,"Category of an identified substance associated with allergies or intolerances.","ValueSet/BRCategoriaAgenteAlergiasReacoesAdversas"
http://hl7.org/fhir/allergy-intolerance-criticality,4.0.1,draft,"2.16.840.1.113883.4.642.4.130",AllergyIntoleranceCriticality,AllergyIntoleranceCriticality,"Estimate of the potential clinical harm, or seriousness, of a reaction to an identified substance.","ValueSet/BRCriticidadeAlergiasReacoesAdversas"
http://hl7.org/fhir/event-status,4.0.1,draft,"2.16.840.1.113883.4.642.4.110",EventStatus,EventStatus,"Codes identifying the lifecycle stage of an event.","ValueSet/BREstadoEvento"
http://hl7.org/fhir/observation-status,4.0.1,active,"2.16.840.1.113883.4.642.4.401",ObservationStatus,ObservationStatus,"Codes providing the status of an observation.","ValueSet/BREstadoObservacao"
http://hl7.org/fhir/reason-medication-not-given,4.0.1,draft,"2.16.840.1.113883.4.642.4.343",SNOMEDCTReasonMedicationNotGivenCodes,SNOMED CT Reason Medication Not Given Codes,"This value set includes all medication refused, medication not administered, and non-administration of necessary drug or medicine codes from SNOMED CT - provided as an exemplar value set.","ValueSet/BRCoreMedicationNotGiven"
http://hl7.org/fhir/request-priority,4.0.1,draft,"2.16.840.1.113883.4.642.4.116",RequestPriority,RequestPriority,"Identifies the level of importance to be assigned to actioning the request.","ValueSet/BRCaraterAtendimentoMIRA"
http://loinc.org,3.1.0,active,"2.16.840.1.113883.6.1",LOINC,Logical Observation Identifiers, Names and Codes (LOINC),"LOINC provides a set of universal names and ID codes for identifying laboratory and clinical test results.1,2 LOINC facilitates the exchange and pooling of results, such as blood hemoglobin, serum potassium, or vital signs, for clinical care, outcomes management, and research. LOINC's universal identifiers (names and codes) can be used in the context of order and observation exchanges between information systems that use syntax standards such as HL73, CEN TC251, ISO TC215, ASTM4, and DICOM. Specifically, the identifier can be used as the coded value for an observation in any other standard that uses the observation/observation value paradigm, whether messages, documents, application programming interface (API), etc. For example, LOINC codes are used widely in the OBX segment Observation Identifier field (OBX-3) of an ORU HL7 (HL7 version 2.x or ASTM 1238-9410) message that may be sent between a Clinical Laboratory Information Management Systems (LIMS) and Electronic Health Record Systems (EHR).5, 6 In this way, LOINC codes provide universal identifiers that allow the exchange of clinical data between heterogeneous computing environments.","ValueSet/BRFreqUsoSubstancia,ValueSet/BRSinaisVitais,ValueSet/BRNomeExame,ValueSet/BRExameHPV,ValueSet/BRTipoObservacao"
http://snomed.info/sct,null,active,"2.16.840.1.113883.6.96",SNOMED_CT,SNOMED CT (all versions),"SNOMED CT is the most comprehensive and precise clinical health terminology product in the world, owned and distributed around the world by The International Health Terminology Standards Development Organisation (IHTSDO).","ValueSet/BRDeficiencias,ValueSet/BRIdentidadeGenero,ValueSet/BRObservationReferencia,ValueSet/BRObservationRestricaoIntervaloReferencia"
http://terminology.hl7.org/CodeSystem/allergyintolerance-verification,1.0.0,draft,"2.16.840.1.113883.4.642.1.1371",AllergyIntoleranceVerificationStatus,AllergyIntolerance Verification Status,"The verification status to support or decline the clinical status of the allergy or intolerance.","ValueSet/BRGrauCertezaAlergiasReacoesAdversas"
http://terminology.hl7.org/CodeSystem/condition-clinical,3.0.0,active,"2.16.840.1.113883.4.642.1.1074",ConditionClinicalStatusCodes,Condition Clinical Status Codes,"Preferred value set for Condition Clinical Status.","ValueSet/BREstadoResolucaoDiagnosticoProblema"
http://terminology.hl7.org/CodeSystem/data-absent-reason,1.0.0,active,"2.16.840.1.113883.4.642.4.1048",DataAbsentReason,DataAbsentReason,"Used to specify why the normally expected content of the data element is missing.","ValueSet/BRIdentidadeGenero"
http://terminology.hl7.org/CodeSystem/v2-0203,4.0.0,active,"2.16.840.1.113883.18.108",IdentifierType,identifierType,"HL7-defined code system of concepts specifying type of identifier. Used in HL7 Version 2.x messaging data types CX, PLN, PPN, XCN and XON.","ValueSet/BRTipoIdentificador,ValueSet/BRTipoDocumentoIndividuo"
http://terminology.hl7.org/CodeSystem/v2-0487,2.0.0,active,"2.16.840.1.113883.18.311",SpecimenType,specimenType,"HL7-defined code system of concepts that describe the precise nature of an entity that may be used as the source material for an observation.  This is one of two code systems that are used instead of table 0070 (code system 2.16.840.1.113883.18.28) which conflated specimen types and specimen collection methods.   Used in HL7 Version 2.x messaging in the SPM segment.","ValueSet/BRTipoAmostra"
http://terminology.hl7.org/CodeSystem/v2-0493,2.0.0,active,"2.16.840.1.113883.18.317",SpecimenCondition,specimenCondition,"Code system of concepts specifying a mode or state of being that describes the nature of the specimen.  Used in HL7 Version 2.x messaging in the SPM segment.","ValueSet/BRCondicaoAmostra"
http://terminology.hl7.org/CodeSystem/v3-MaritalStatus,3.0.0,active,"2.16.840.1.113883.5.2",MaritalStatus,MaritalStatus,"\* \* \* No description supplied \* \* \*    *Open Issue:* The specific meanings of these codes can vary somewhat by jurisdiction and implementation so caution should be used when determining equivalency.    *Open Issue:* fixing and completion of the hierarchy and proper good definitions of all the concepts is badly needed.","ValueSet/BREstadoCivil"
http://terminology.hl7.org/CodeSystem/v3-NullFlavor,3.0.0,active,"2.16.840.1.113883.5.1008",NullFlavor,NullFlavor,"A collection of codes specifying why a valid value is not present.","ValueSet/BRSexoNascimento,ValueSet/BREstadoCivil,ValueSet/BRIdentidadeGenero,ValueSet/BRCategoriaAgenteAlergiasReacoesAdversas"
http://terminology.hl7.org/CodeSystem/v3-ObservationInterpretation,3.0.0,active,"2.16.840.1.113883.5.83",ObservationInterpretation,ObservationInterpretation,"One or more codes providing a rough qualitative interpretation of the observation, such as ""normal"" / ""abnormal"", ""low"" / ""high"", ""better"" / ""worse"", ""resistant"" / ""susceptible"", ""expected"" / ""not expected"". The value set is intended to be for ANY use where coded representation of an interpretation is needed.","ValueSet/BRResultadoQualitativoHPV"
https://mangara.hsl.org.br/fhir/CodeSystem/etnias,1.1.0,active,,BREtniasMangara,BREtniasMangara,"","ValueSet/BREtniaIndigena"
https://terminologia.saude.gov.br/fhir/CodeSystem/BRAlergenosCBARA,1.1.0,active,,BRAlergenosCBARA,BRAlergenosCBARA,"","ValueSet/BRAlergenos"
https://terminologia.saude.gov.br/fhir/CodeSystem/BRAtendimentoPrestado,1.1.0,active,,BRAtendimentoPrestado,BRAtendimentoPrestado,"","ValueSet/BRAtendimentoPrestado"
https://terminologia.saude.gov.br/fhir/CodeSystem/BRBaseLegalLGPD,1.1.0,active,,BRBaseLegalLGPD,BRBaseLegalLGPD,"","ValueSet/BRBaseLegalLGPD"
https://terminologia.saude.gov.br/fhir/CodeSystem/BRCBO,1.1.0,active,,BRCBO,BRCBO,"","ValueSet/BROcupacao"
https://terminologia.saude.gov.br/fhir/CodeSystem/BRCIAP2,1.1.0,active,,BRCIAP2,BRCIAP2,"","ValueSet/BRCIAP2"
https://terminologia.saude.gov.br/fhir/CodeSystem/BRCID10,1.1.0,active,,BRCID10,BRCID10,"","ValueSet/BRTerminologiaSuspeitaDiagnostica,ValueSet/BRProblemaDiagnostico,ValueSet/BRReasonEncounter,ValueSet/BRDeficiencias,ValueSet/BRExameHPV,ValueSet/BRCID10"
https://terminologia.saude.gov.br/fhir/CodeSystem/BRCaraterAtendimento,1.1.0,active,,BRCaraterAtendimento,BRCaraterAtendimento,"","ValueSet/BRCaraterAtendimento"
https://terminologia.saude.gov.br/fhir/CodeSystem/BRCategoriaDiagnostico,1.1.0,active,,BRCategoriaDiagnostico,BRCategoriaDiagnostico,"","ValueSet/BRCategoriaDiagnostico"
https://terminologia.saude.gov.br/fhir/CodeSystem/BRConclusaoColposcopia,1.1.0,active,,BRConclusaoColposcopia,BRConclusaoColposcopia,"","ValueSet/BRConclusaoColposcopia"
https://terminologia.saude.gov.br/fhir/CodeSystem/BRCondicaoAmostra,1.1.0,active,,BRCondicaoAmostra,BRCondicaoAmostra,"","ValueSet/BRCondicaoAmostra"
https://terminologia.saude.gov.br/fhir/CodeSystem/BRCondicaoMaternal,1.1.0,active,,BRCondicaoMaternal,BRCondicaoMaternal,"","ValueSet/BRCondicaoMaternal"
https://terminologia.saude.gov.br/fhir/CodeSystem/BRCondutaTeleconsultoria,1.1.0,active,,BRCondutaTeleconsultoria,BRCondutaTeleconsultoria,"","ValueSet/BRCondutaTeleconsultoria"
https://terminologia.saude.gov.br/fhir/CodeSystem/BRConselhoProfissional,1.1.0,draft,,BRConselhoProfissional,Conselhos profissionais de saúde do Brasil,"Esse CodeSystem inclui os conselhos profissionais de saúde do Brasil, conforme a Resolução CNS 251/1997.","ValueSet/BRCRF,ValueSet/BRCOREN,ValueSet/BRCRM,ValueSet/BRCRO,ValueSet/BROutrosProfissionais"
https://terminologia.saude.gov.br/fhir/CodeSystem/BRDadoAusenteOuDesconhecido,1.1.0,active,,BRDadoAusenteOuDesconhecido,BRDadoAusenteOuDesconhecido,"","ValueSet/BRPrescricaoNaoEstruturada"
https://terminologia.saude.gov.br/fhir/CodeSystem/BRDesfechoProcedimento,1.1.0,active,,BRDesfechoProcedimento,BRDesfechoProcedimento,"","ValueSet/BRDesfechoProcedimento"
https://terminologia.saude.gov.br/fhir/CodeSystem/BRDivisaoGeograficaBrasil,1.1.0,active,,BRDivisaoGeograficaBrasil,BRDivisaoGeograficaBrasil,"","ValueSet/BRUnidadeFederativa,ValueSet/BRMunicipio"
https://terminologia.saude.gov.br/fhir/CodeSystem/BRDose,1.1.0,active,,BRDose,BRDose,"","ValueSet/BRDose"
https://terminologia.saude.gov.br/fhir/CodeSystem/BRElegibilidadeImunobiologico,1.1.0,active,,BRElegibilidadeImunobiologico,BRElegibilidadeImunobiologico,"","ValueSet/BRElegibilidadeImunobiologico"
https://terminologia.saude.gov.br/fhir/CodeSystem/BREstrategiaVacinacao,1.1.0,active,,BREstrategiaVacinacao,BREstrategiaVacinacao,"","ValueSet/BREstrategiaVacinacao"
https://terminologia.saude.gov.br/fhir/CodeSystem/BREtniaIndigena,1.1.0,active,,BREtniaIndigena,BREtniaIndigena,"","ValueSet/BREtniaIndigena"
https://terminologia.saude.gov.br/fhir/CodeSystem/BRFabricantePNI,1.1.0,active,,BRFabricantePNI,BRFabricantePNI,"","ValueSet/BRFabricanteImunobiologico"
https://terminologia.saude.gov.br/fhir/CodeSystem/BRFormaOrganizacaoTabelaSUS,1.1.0,active,,BRFormaOrganizacaoTabelaSUS,BRFormaOrganizacaoTabelaSUS,"","ValueSet/BRFormaOrganizacaoTabelaSUS"
https://terminologia.saude.gov.br/fhir/CodeSystem/BRHPVInterpretacao,1.1.0,active,,BRHPVInterpretacao,BRHPVInterpretacao,"","ValueSet/BRHPVInterpretacao"
https://terminologia.saude.gov.br/fhir/CodeSystem/BRImunobiologico,1.1.0,active,,BRImunobiologico,BRImunobiologico,"","ValueSet/BRAlergenos,ValueSet/BRImunobiologico"
https://terminologia.saude.gov.br/fhir/CodeSystem/BRInstalacoesFisicas,1.1.0,active,,BRInstalacoesFisicas,BRInstalacoesFisicas,"","ValueSet/BRInstalacoesFisicas"
https://terminologia.saude.gov.br/fhir/CodeSystem/BRJustificativaIndividuoNaoIdentificado,1.1.0,active,,BRJustificativaIndividuoNaoIdentificado,BRJustificativaIndividuoNaoIdentificado,"","ValueSet/BRJustificativaIndividuoNaoIdentificado"
https://terminologia.saude.gov.br/fhir/CodeSystem/BRLocalAfericao,1.1.0,active,,BRLocalAfericao,BRLocalAfericao,"","ValueSet/BRLocalAfericao"
https://terminologia.saude.gov.br/fhir/CodeSystem/BRLocalAplicacao,1.1.0,active,,BRLocalAplicacao,BRLocalAplicacao,"","ValueSet/BRLocalAplicacao"
https://terminologia.saude.gov.br/fhir/CodeSystem/BRMedDRA,1.1.0,active,,BRMedDRA,BRMedDRA,"","ValueSet/BRReacoesAdversasMedDRA"
https://terminologia.saude.gov.br/fhir/CodeSystem/BRMedicamento,1.1.0,active,,BRMedicamento,BRMedicamento,"","ValueSet/BRAlergenos"
https://terminologia.saude.gov.br/fhir/CodeSystem/BRModalidadeAssistencial,1.1.0,active,,BRModalidadeAssistencial,BRModalidadeAssistencial,"","ValueSet/BRModalidadeAssistencial,ValueSet/BRModalidadeAssistencialMIRA"
https://terminologia.saude.gov.br/fhir/CodeSystem/BRModalidadeFinanceira,1.1.0,active,,BRModalidadeFinanceira,BRModalidadeFinanceira,"","ValueSet/BRModalidadeFinanceira"
https://terminologia.saude.gov.br/fhir/CodeSystem/BRMotivoDesfecho,1.1.0,active,,BRMotivoDesfecho,BRMotivoDesfecho,"","ValueSet/BRMotivoDesfecho"
https://terminologia.saude.gov.br/fhir/CodeSystem/BRMotivoProcedimentoNaoRealizado,1.1.0,active,,BRMotivoProcedimentoNaoRealizado,BRMotivoProcedimentoNaoRealizado,"","ValueSet/BRMotivoProcedimentoNaoRealizado"
https://terminologia.saude.gov.br/fhir/CodeSystem/BRMotivoRealizacaoExame,1.1.0,active,,BRMotivoRealizacaoExame,BRMotivoRealizacaoExame,"","ValueSet/BRMotivoRealizacaoExame"
https://terminologia.saude.gov.br/fhir/CodeSystem/BRNomeExameGAL,1.1.0,active,,BRNomeExameGAL,BRNomeExameGAL,"","ValueSet/BRNomeExame"
https://terminologia.saude.gov.br/fhir/CodeSystem/BRNomeExameLOINC,1.1.0,active,,BRNomeExameLOINC,BRNomeExameLOINC,"","ValueSet/BRNomeExameLOINC,ValueSet/BRNomeExameTRCOVID19LOINC"
https://terminologia.saude.gov.br/fhir/CodeSystem/BRObmCATMAT,1.1.0,active,,BRObmCATMAT,BRObmCATMAT,"","ValueSet/BRTerminologiaMedicamento"
https://terminologia.saude.gov.br/fhir/CodeSystem/BROrgaoExpedidor,1.1.0,active,,BROrgaoExpedidor,BROrgaoExpedidor,"","ValueSet/BROrgaoExpedidor"
https://terminologia.saude.gov.br/fhir/CodeSystem/BROrtesesProtesesImplantaveis,1.1.0,active,,BROrtesesProtesesImplantaveis,BROrtesesProtesesImplantaveis,"","ValueSet/BROrtesesProtesesImplantaveis"
https://terminologia.saude.gov.br/fhir/CodeSystem/BRPais,1.1.0,active,,BRPais,BRPais,"","ValueSet/BRPais"
https://terminologia.saude.gov.br/fhir/CodeSystem/BRParentesco,1.1.0,active,,BRParentesco,BRParentesco,"","ValueSet/BRParentesco"
https://terminologia.saude.gov.br/fhir/CodeSystem/BRPopulacaoTradicional,1.1.0,active,,BRPopulacaoTradicional,BRPopulacaoTradicional,"","ValueSet/BRPopulacaoTradicional"
https://terminologia.saude.gov.br/fhir/CodeSystem/BRPosicaoIndividuo,1.1.0,active,,BRPosicaoIndividuo,BRPosicaoIndividuo,"","ValueSet/BRPosicaoIndividuo"
https://terminologia.saude.gov.br/fhir/CodeSystem/BRPovoItinerante,1.1.0,active,,BRPovoItinerante,BRPovoItinerante,"","ValueSet/BRPovoItinerante"
https://terminologia.saude.gov.br/fhir/CodeSystem/BRProcedencia,1.1.0,active,,BRProcedencia,BRProcedencia,"","ValueSet/BRProcedencia"
https://terminologia.saude.gov.br/fhir/CodeSystem/BRProgramaSaude,1.1.0,active,,BRProgramaSaude,BRProgramaSaude,"","ValueSet/BRProgramaSaude"
https://terminologia.saude.gov.br/fhir/CodeSystem/BRRacaCor,1.1.0,active,,BRRacaCor,BRRacaCor,"","ValueSet/BRRacaCor,ValueSet/BRObservationRestricaoIntervaloReferencia"
https://terminologia.saude.gov.br/fhir/CodeSystem/BRRegistroOrigem,1.1.0,active,,BRRegistroOrigem,BRRegistroOrigem,"","ValueSet/BRRegistroOrigem"
https://terminologia.saude.gov.br/fhir/CodeSystem/BRResponsabilidadeParticipante,1.1.0,active,,BRResponsabilidadeParticipante,BRResponsabilidadeParticipante,"","ValueSet/BRResponsabilidadeParticipante"
https://terminologia.saude.gov.br/fhir/CodeSystem/BRResultadoQualitativoExame,1.1.0,active,,BRResultadoQualitativoExame,BRResultadoQualitativoExame,"","ValueSet/BRResultadoQualitativoHPV,ValueSet/BRResultadoQualitativoExame"
https://terminologia.saude.gov.br/fhir/CodeSystem/BRServicoEspecializado,1.1.0,active,,BRServicoEspecializado,BRServicoEspecializado,"","ValueSet/BRServicoEspecializado"
https://terminologia.saude.gov.br/fhir/CodeSystem/BRSubGrupoTabelaSUS,1.1.0,active,,BRSubGrupoTabelaSUS,BRSubGrupoTabelaSUS,"","ValueSet/BRCategoriaProcedimento,ValueSet/BRSubGrupoTabelaSUS,ValueSet/BRCategoriaExame"
https://terminologia.saude.gov.br/fhir/CodeSystem/BRTabelaSUS,1.1.0,active,,BRTabelaSUS,BRTabelaSUS,"","ValueSet/OCIOftalmo,ValueSet/OCIOnco,ValueSet/BRTabelaSUSOCI-IC,ValueSet/BRDispositivo-Medico,ValueSet/BRTabelaSUS,ValueSet/OCIOtorrino,ValueSet/OCIOrtopedia,ValueSet/BROCI-IC"
https://terminologia.saude.gov.br/fhir/CodeSystem/BRTerminologiaPatogeno,1.1.0,active,,BRTerminologiaPatogeno,BRTerminologiaPatogeno,"","ValueSet/BRTerminologiaPatogeno"
https://terminologia.saude.gov.br/fhir/CodeSystem/BRTipoAleitamentoMaterno,1.1.0,active,,BRTipoAleitamentoMaterno,BRTipoAleitamentoMaterno,"","ValueSet/BRTipoAleitamentoMaterno"
https://terminologia.saude.gov.br/fhir/CodeSystem/BRTipoAmostraGAL,1.1.0,active,,BRTipoAmostraGAL,BRTipoAmostraGAL,"","ValueSet/BRTipoAmostra"
https://terminologia.saude.gov.br/fhir/CodeSystem/BRTipoDeficiencia,1.1.0,active,,BRTipoDeficiencia,BRTipoDeficiencia,"","ValueSet/BRTipoDeficiencia"
https://terminologia.saude.gov.br/fhir/CodeSystem/BRTipoDocumento,1.1.0,active,,BRTipoDocumento,BRTipoDocumento,"","ValueSet/BRTipoDocumento"
https://terminologia.saude.gov.br/fhir/CodeSystem/BRTipoEstabelecimentoSaude,1.1.0,active,,BRTipoEstabelecimentoSaude,BRTipoEstabelecimentoSaude,"","ValueSet/BRTipoEstabelecimentoSaude"
https://terminologia.saude.gov.br/fhir/CodeSystem/BRTipoIdentificador,1.1.0,active,,BRTipoIdentificador,BRTipoIdentificador,"","ValueSet/BRTipoIdentificador,ValueSet/BRTipoDocumentoIndividuo,ValueSet/BRTipoIdentificadorProcedimento"
https://terminologia.saude.gov.br/fhir/CodeSystem/BRTipoLogradouro,1.1.0,active,,BRTipoLogradouro,BRTipoLogradouro,"","ValueSet/BRTipoLogradouro"
https://terminologia.saude.gov.br/fhir/CodeSystem/BRTipoObservacao,1.1.0,active,,BRTipoObservacao,BRTipoObservacao,"","ValueSet/BRTipoObservacao"
https://terminologia.saude.gov.br/fhir/CodeSystem/BRTipoParticipante,1.1.0,active,,BRTipoParticipante,BRTipoParticipante,"","ValueSet/BRTipoParticipante"
https://terminologia.saude.gov.br/fhir/CodeSystem/BRTipoResultadoAVIDEZ,1.1.0,active,,BRTipoResultadoAVIDEZ,BRTipoResultadoAVIDEZ,"","ValueSet/BRResultadoQualitativoExame"
https://terminologia.saude.gov.br/fhir/CodeSystem/BRTipoResultadoDTNT,1.1.0,active,,BRTipoResultadoDTNT,BRTipoResultadoDTNT,"","ValueSet/BRResultadoQualitativoExame"
https://terminologia.saude.gov.br/fhir/CodeSystem/BRTipoResultadoHISPT,1.1.0,active,,BRTipoResultadoHISPT,BRTipoResultadoHISPT,"","ValueSet/BRResultadoQualitativoExame"
https://terminologia.saude.gov.br/fhir/CodeSystem/BRTipoResultadoPRAU,1.1.0,active,,BRTipoResultadoPRAU,BRTipoResultadoPRAU,"","ValueSet/BRResultadoQualitativoExame"
https://terminologia.saude.gov.br/fhir/CodeSystem/BRTipoResultadoPSNG,1.1.0,active,,BRTipoResultadoPSNG,BRTipoResultadoPSNG,"","ValueSet/BRResultadoQualitativoExame"
https://terminologia.saude.gov.br/fhir/CodeSystem/BRTipoResultadoRGNR,1.1.0,active,,BRTipoResultadoRGNR,BRTipoResultadoRGNR,"","ValueSet/BRResultadoQualitativoExame"
https://terminologia.saude.gov.br/fhir/CodeSystem/BRTipoResultadoRSBAC,1.1.0,active,,BRTipoResultadoRSBAC,BRTipoResultadoRSBAC,"","ValueSet/BRResultadoQualitativoExame"
https://terminologia.saude.gov.br/fhir/CodeSystem/BRTipoResultadoRSCUL,1.1.0,active,,BRTipoResultadoRSCUL,BRTipoResultadoRSCUL,"","ValueSet/BRResultadoQualitativoExame"
https://terminologia.saude.gov.br/fhir/CodeSystem/BRUnidadeMedida,1.1.0,active,,BRUnidadeMedida,BRUnidadeMedida,"","ValueSet/BRUnidadeMedidaMedicamento"
https://terminologia.saude.gov.br/fhir/CodeSystem/BRViaAdministracao,1.1.0,active,,BRViaAdministracao,BRViaAdministracao,"","ValueSet/BRViaAdministracao"
https://terminologia.saude.gov.br/fhir/CodeSystem/TipoConvenio,1.1.0,active,,TipoConvenio,TipoConvenio,"","ValueSet/TipoConvenio"
