Source File	Size	loadResources	load	generateSnapshots	load-configure	scan	loadDepInfo	loadInfo	checkR4R4B	generateNarratives	validate	loadLists	checkConformanceResources	checkConformanceResources2	checkConformanceResources3	generateLogicalMaps	validateExpressions	scanForUsageStats	checkURLsUnique	processProvenanceDetails	generate1	generate2	generateLogicals	makeDependencies	generateExampleZip	generateValidationPack	scanProfilesForR5	scanExamplesForR5
/fsh-generated/resources/ImplementationGuide-br.gov.saude.terminologia.fhir.json	120825	-	0	0	0	0	0	0	25	54	0	0	0	0	0	0	0	2	0	0	410	859	0	0	0	23	0	6
fsh-generated/resources/CodeSystem-BRAlergenosCBARA.json	1246	2	0	0	3	0	0	0	0	4	0	0	1	0	0	0	0	0	0	0	11	47	0	0	0	1	0	0
fsh-generated/resources/CodeSystem-BRAtendimentoPrestado.json	1627	1	0	0	0	0	0	0	0	2	0	0	0	0	0	0	0	0	0	0	12	38	0	0	0	0	0	0
fsh-generated/resources/CodeSystem-BRBaseLegalLGPD.json	2738	1	0	0	0	0	0	0	1	4	0	0	0	0	0	0	0	0	0	0	17	41	0	0	0	1	0	1
fsh-generated/resources/CodeSystem-BRCBHPMTUSS.json	1118	1	0	0	1	0	0	0	0	1	0	0	0	0	0	0	0	0	0	0	8	25	0	0	0	0	0	0
fsh-generated/resources/CodeSystem-BRCBO.json	90708	16	0	0	1	0	0	0	8	69	0	0	0	0	0	0	0	1	0	0	305	466	0	0	0	19	0	1
fsh-generated/resources/CodeSystem-BRCIAP2.json	57638	8	0	0	1	0	0	0	6	38	0	0	1	0	0	0	0	0	0	0	162	137	0	0	0	10	0	0
fsh-generated/resources/CodeSystem-BRCID10.json	1638663	138	0	0	18	0	0	0	98	1826	0	0	6	0	0	0	0	10	0	0	4398	6160	0	0	0	215	0	6
fsh-generated/resources/CodeSystem-BRCaraterAtendimento.json	1770	2	0	0	1	0	0	0	0	2	0	0	0	0	0	0	0	0	0	0	10	14	0	0	0	1	0	0
fsh-generated/resources/CodeSystem-BRCategoriaDiagnostico.json	1318	0	0	0	0	0	0	0	0	2	0	0	0	0	0	0	0	0	0	0	8	46	0	0	0	0	0	0
fsh-generated/resources/CodeSystem-BRConclusaoColposcopia.json	1889	1	0	0	0	0	0	0	0	1	0	0	0	0	0	0	0	0	0	0	13	14	0	0	0	4	0	0
fsh-generated/resources/CodeSystem-BRCondicaoAmostra.json	349	0	0	0	0	0	0	0	0	0	0	0	0	0	0	0	0	0	0	0	8	12	0	0	0	0	0	0
fsh-generated/resources/CodeSystem-BRCondicaoMaternal.json	1356	1	0	0	0	0	0	0	0	2	0	0	0	0	0	0	0	0	0	0	7	14	0	0	0	0	0	0
fsh-generated/resources/CodeSystem-BRCondutaColposcopia.json	2525	0	0	0	0	0	0	0	0	2	0	0	0	0	0	0	0	0	0	0	13	16	0	0	0	0	0	0
fsh-generated/resources/CodeSystem-BRCondutaTeleconsultoria.json	3036	1	0	0	0	0	0	0	1	2	0	0	0	0	0	0	0	0	0	0	13	15	0	0	0	1	0	0
fsh-generated/resources/CodeSystem-BRConselhoProfissional.json	37074	4	0	0	0	0	0	0	1	15	0	0	0	0	0	0	0	0	0	0	117	44	0	0	0	3	0	1
fsh-generated/resources/CodeSystem-BRDadoAusenteOuDesconhecido.json	1416	0	0	0	0	0	0	0	0	1	0	0	0	0	0	0	0	0	0	0	8	11	0	0	0	1	0	0
fsh-generated/resources/CodeSystem-BRDesfechoProcedimento.json	1461	0	0	0	0	0	0	0	0	1	0	0	0	0	0	0	0	0	0	0	8	11	0	0	0	0	0	0
fsh-generated/resources/CodeSystem-BRDireitoTitularDados.json	2551	1	0	0	0	0	0	0	0	2	0	0	0	0	0	0	0	0	0	0	11	20	0	0	0	0	0	0
fsh-generated/resources/CodeSystem-BRDivisaoGeograficaBrasil.json	3264	0	0	0	0	0	0	0	0	2	0	0	0	0	0	0	0	0	0	0	13	15	0	0	0	1	0	0
fsh-generated/resources/CodeSystem-BRDose.json	7580	1	0	0	0	0	0	0	1	3	0	0	0	0	0	0	0	0	0	0	23	19	0	0	0	0	0	0
fsh-generated/resources/CodeSystem-BRElegibilidadeImunobiologico.json	1367	1	0	0	0	0	0	0	0	1	0	0	0	0	0	0	0	0	0	0	8	11	0	0	0	1	0	0
fsh-generated/resources/CodeSystem-BREstadoCivil.json	1842	0	0	0	0	0	0	0	0	1	0	0	0	0	0	0	0	0	0	0	9	12	0	0	0	0	0	0
fsh-generated/resources/CodeSystem-BREstrategiaVacinacao.json	2069	1	0	0	0	0	0	0	0	1	0	0	0	0	0	0	0	0	0	0	9	12	0	0	0	0	0	0
fsh-generated/resources/CodeSystem-BREtniaIndigena.json	30437	5	0	0	0	0	0	0	2	14	0	0	0	0	0	0	0	1	0	0	89	54	0	0	0	4	0	0
fsh-generated/resources/CodeSystem-BREtniasMangara.json	1846	1	0	0	0	0	0	0	0	1	0	0	0	0	0	0	0	0	0	0	9	25	0	0	0	1	0	0
fsh-generated/resources/CodeSystem-BRExameHPVCEPHEID.json	1869	0	0	0	1	0	0	0	0	2	0	0	0	0	0	0	0	0	0	0	9	11	0	0	0	1	0	0
fsh-generated/resources/CodeSystem-BRFabricantePNI.json	6254	2	0	0	0	0	0	0	0	3	0	0	0	0	0	0	0	0	0	0	20	18	0	0	0	0	0	0
fsh-generated/resources/CodeSystem-BRFinalidadeTratamentoDados.json	2387	0	0	0	0	0	0	0	1	1	0	0	0	0	0	0	0	0	0	0	12	14	0	0	0	0	0	0
fsh-generated/resources/CodeSystem-BRFinanciamento.json	2447	1	0	0	0	0	0	0	0	2	0	0	0	0	0	0	0	0	0	0	13	14	0	0	0	1	0	0
fsh-generated/resources/CodeSystem-BRFormaOrganizacaoTabelaSUS.json	1909	0	0	0	0	0	0	0	1	1	0	0	0	0	0	0	0	0	0	0	10	12	0	0	0	0	0	0
fsh-generated/resources/CodeSystem-BRFrequenciaUsoSubstancia.json	1901	0	0	0	0	0	0	0	0	1	0	0	0	0	0	0	0	0	0	0	11	14	0	0	0	0	0	0
fsh-generated/resources/CodeSystem-BRGrupoAtendimento.json	10859	2	0	0	0	0	0	0	0	4	0	0	0	0	0	0	0	0	0	0	40	24	0	0	0	3	0	0
fsh-generated/resources/CodeSystem-BRHPVInterpretacao.json	1873	0	0	0	0	0	0	0	0	1	0	0	0	0	0	0	0	0	0	0	13	11	0	0	0	0	0	0
fsh-generated/resources/CodeSystem-BRIBGE.json	1098	1	0	0	0	0	0	0	0	1	0	0	0	0	0	0	0	0	0	0	8	10	0	0	0	1	0	0
fsh-generated/resources/CodeSystem-BRIdentidadeGenero.json	1873	0	0	0	0	0	0	0	1	1	0	0	0	0	0	0	0	0	0	0	10	11	0	0	0	1	0	0
fsh-generated/resources/CodeSystem-BRImunobiologico.json	8052	1	0	0	0	0	0	0	0	3	0	0	0	0	0	0	0	0	0	0	28	19	0	0	0	1	0	0
fsh-generated/resources/CodeSystem-BRInstalacoesFisicas.json	4548	1	0	0	0	0	0	0	0	3	0	0	0	0	0	0	0	0	0	0	18	14	0	0	0	0	0	0
fsh-generated/resources/CodeSystem-BRJustificativaIndividuoNaoIdentificado.json	1856	0	0	0	0	0	0	0	1	1	0	0	0	0	0	0	0	0	0	0	9	11	0	0	0	1	0	0
fsh-generated/resources/CodeSystem-BRLocalAfericao.json	1825	1	0	0	0	0	0	0	0	1	0	0	0	0	0	0	0	0	0	0	9	11	0	0	0	0	0	0
fsh-generated/resources/CodeSystem-BRLocalAplicacao.json	3147	0	0	0	0	0	0	0	0	3	0	0	0	0	0	0	0	0	0	0	13	13	0	0	0	0	0	0
fsh-generated/resources/CodeSystem-BRLocalAtendimento.json	2688	1	0	0	0	0	0	0	0	2	0	0	0	0	0	0	0	0	0	0	13	14	0	0	0	1	0	0
fsh-generated/resources/CodeSystem-BRMedDRA.json	3144	0	0	0	0	0	0	0	0	2	0	0	0	0	0	0	0	0	0	0	12	14	0	0	0	0	0	0
fsh-generated/resources/CodeSystem-BRMedicamento.json	106211	8	0	0	1	0	0	0	4	30	0	0	1	0	0	0	0	1	0	0	289	126	0	0	0	13	0	1
fsh-generated/resources/CodeSystem-BRModalidadeAssistencial.json	1891	0	0	0	0	0	0	0	0	1	0	0	0	0	0	0	0	0	0	0	8	12	0	0	0	1	0	0
fsh-generated/resources/CodeSystem-BRModalidadeFinanceira.json	1462	1	0	0	0	0	0	0	0	2	0	0	0	0	0	0	0	0	0	0	8	11	0	0	0	0	0	0
fsh-generated/resources/CodeSystem-BRModalidadeTelessaude.json	1888	1	0	0	0	0	0	0	1	1	0	0	0	0	0	0	0	0	0	0	11	13	0	0	0	1	0	0
fsh-generated/resources/CodeSystem-BRMotivoDesfecho.json	1850	0	0	0	0	0	0	0	0	2	0	0	0	0	0	0	0	0	0	0	9	13	0	0	0	0	0	0
fsh-generated/resources/CodeSystem-BRMotivoProcedimentoNaoRealizado.json	1790	1	0	0	0	0	0	0	0	1	0	0	0	0	0	0	0	0	0	0	9	12	0	0	0	0	0	0
fsh-generated/resources/CodeSystem-BRMotivoRealizacaoExame.json	373	0	0	0	0	0	0	0	0	1	0	0	0	0	0	0	0	0	0	0	6	12	0	0	0	0	0	0
fsh-generated/resources/CodeSystem-BRMotivoTeleconsultoria.json	2356	0	0	0	0	0	0	0	0	2	0	0	0	0	0	0	0	0	0	0	12	17	0	0	0	1	0	0
fsh-generated/resources/CodeSystem-BRNacionalidade.json	2080	1	0	0	0	0	0	0	0	1	0	0	0	0	0	0	0	0	0	0	11	18	0	0	0	0	0	0
fsh-generated/resources/CodeSystem-BRNomeExameGAL.json	1339	0	0	0	0	0	0	0	0	1	0	0	0	0	0	0	0	0	0	0	7	11	0	0	0	0	0	0
fsh-generated/resources/CodeSystem-BRNomeExameLOINC.json	70830	4	0	0	0	0	0	0	2	19	0	0	0	0	0	0	0	1	0	0	195	98	0	0	0	7	0	0
fsh-generated/resources/CodeSystem-BRObmAMPP.json	1110	1	0	0	0	0	0	0	0	1	0	0	0	0	0	0	0	0	0	0	8	11	0	0	0	0	0	0
fsh-generated/resources/CodeSystem-BRObmANVISA.json	1118	0	0	0	0	0	0	0	0	1	0	0	0	0	0	0	0	0	0	0	7	11	0	0	0	1	0	0
fsh-generated/resources/CodeSystem-BRObmCATMAT.json	106817	11	0	0	1	0	0	0	5	31	0	0	33	0	0	0	0	0	0	0	300	129	0	0	0	13	0	1
fsh-generated/resources/CodeSystem-BRObmEAN.json	1106	0	0	0	0	0	0	0	0	1	0	0	0	0	0	0	0	0	0	0	6	10	0	0	0	0	0	0
fsh-generated/resources/CodeSystem-BRObmVMP.json	1106	1	0	0	0	0	0	0	0	1	0	0	0	0	0	0	0	0	0	0	6	11	0	0	0	0	0	0
fsh-generated/resources/CodeSystem-BRObmVTM.json	1106	0	0	0	0	0	0	0	0	1	0	0	0	0	0	0	0	0	0	0	6	11	0	0	0	1	0	0
fsh-generated/resources/CodeSystem-BROrgaoExpedidor.json	5012	0	0	0	0	0	0	0	0	2	0	0	0	0	0	0	0	0	0	0	19	19	0	0	0	0	0	0
fsh-generated/resources/CodeSystem-BROrtesesProtesesImplantaveis.json	1190	1	0	0	0	0	0	0	0	0	0	0	0	0	0	0	0	0	0	0	7	11	0	0	0	0	0	0
fsh-generated/resources/CodeSystem-BRPais.json	23630	2	0	0	0	0	0	0	2	9	0	0	0	0	0	0	0	1	0	0	66	45	0	0	0	3	0	0
fsh-generated/resources/CodeSystem-BRPapelProblemaDiagnostico.json	1905	1	0	0	0	0	0	0	0	2	0	0	0	0	0	0	0	0	0	0	9	15	0	0	0	0	0	0
fsh-generated/resources/CodeSystem-BRParentesco.json	1273	0	0	0	0	0	0	0	0	2	0	0	0	0	0	0	0	0	0	0	9	11	0	0	0	1	0	0
fsh-generated/resources/CodeSystem-BRPopulacaoTradicional.json	3109	1	0	0	1	0	0	0	0	1	0	0	0	0	0	0	0	0	0	0	14	13	0	0	0	0	0	0
fsh-generated/resources/CodeSystem-BRPosicaoIndividuo.json	1503	0	0	0	0	0	0	0	0	1	0	0	0	0	0	0	0	0	0	0	8	12	0	0	0	0	0	0
fsh-generated/resources/CodeSystem-BRPovoItinerante.json	1625	0	0	0	0	0	0	0	0	2	0	0	0	0	0	0	0	0	0	0	8	12	0	0	0	0	0	0
fsh-generated/resources/CodeSystem-BRPresenteAusente.json	2092	1	0	0	0	0	0	0	1	2	0	0	0	0	0	0	0	0	0	0	10	12	0	0	0	1	0	0
fsh-generated/resources/CodeSystem-BRProcedencia.json	1521	0	0	0	0	0	0	0	0	1	0	0	0	0	0	0	0	0	0	0	8	10	0	0	0	0	0	0
fsh-generated/resources/CodeSystem-BRProgramaSaude.json	6420	1	0	0	0	0	0	0	0	2	0	0	0	0	0	0	0	0	0	0	22	16	0	0	0	0	0	0
fsh-generated/resources/CodeSystem-BRRacaCor.json	1506	0	0	0	0	0	0	0	0	2	0	0	0	0	0	0	0	0	0	0	8	10	0	0	0	1	0	0
fsh-generated/resources/CodeSystem-BRRegistroOrigem.json	1334	1	0	0	0	0	0	1	0	0	0	0	0	0	0	0	0	0	0	0	7	12	0	0	0	0	0	0
fsh-generated/resources/CodeSystem-BRResponsabilidadeParticipante.json	1842	0	0	0	0	0	0	0	0	1	0	0	0	0	0	0	0	0	0	0	10	12	0	0	0	0	0	0
fsh-generated/resources/CodeSystem-BRResultadoQualitativoExame.json	1407	1	0	0	0	0	0	0	0	1	0	0	0	0	0	0	0	0	0	0	9	10	0	0	0	0	0	0
fsh-generated/resources/CodeSystem-BRServicoEspecializado.json	7463	1	0	0	0	0	0	0	1	3	0	0	0	0	0	0	0	0	0	0	30	17	0	0	0	1	0	1
fsh-generated/resources/CodeSystem-BRStatusAgendamentoRegulacaoAssistencial.json	1961	0	0	0	0	0	0	0	0	1	0	0	0	0	0	0	0	0	0	0	11	12	0	0	0	0	0	0
fsh-generated/resources/CodeSystem-BRStatusRegulacaoAssistencial.json	2450	1	0	0	0	0	0	0	0	2	0	0	0	0	0	0	0	0	0	0	13	13	0	0	0	1	0	0
fsh-generated/resources/CodeSystem-BRSubGrupoTabelaSUS.json	8012	1	0	0	0	0	0	0	0	3	0	0	0	0	0	0	0	0	0	0	26	17	0	0	0	0	0	0
fsh-generated/resources/CodeSystem-BRTabelaSUS.json	1118	0	0	0	1	0	0	0	1	1	0	0	0	0	0	0	0	0	0	0	6	9	0	0	0	0	0	0
fsh-generated/resources/CodeSystem-BRTerminologiaPatogeno.json	1728	1	0	0	0	0	0	0	0	1	0	0	0	0	0	0	0	0	0	0	9	10	0	0	0	1	0	0
fsh-generated/resources/CodeSystem-BRTerminologiaSuspeitaDiagnostica.json	1933	0	0	0	0	0	0	0	0	1	0	0	0	0	0	0	0	0	0	0	10	10	0	0	0	0	0	0
fsh-generated/resources/CodeSystem-BRTipoAleitamentoMaterno.json	1615	1	0	0	0	0	0	0	0	1	0	0	0	0	0	0	0	0	0	0	9	9	0	0	0	0	0	0
fsh-generated/resources/CodeSystem-BRTipoAmostraGAL.json	4794	0	0	0	0	0	0	0	0	1	0	0	0	0	0	0	0	0	0	0	17	13	0	0	0	1	0	0
fsh-generated/resources/CodeSystem-BRTipoDadoPessoalLGPD.json	2131	1	0	0	0	0	0	0	0	2	0	0	0	0	0	0	0	0	0	0	10	10	0	0	0	0	0	0
fsh-generated/resources/CodeSystem-BRTipoDeficiencia.json	1869	0	0	0	0	0	0	0	0	30	0	0	0	0	0	0	0	0	0	0	11	11	0	0	0	1	0	0
fsh-generated/resources/CodeSystem-BRTipoDispensacaoRealizada.json	2266	0	0	0	0	0	0	0	1	3	0	0	0	0	0	0	0	0	0	0	10	11	0	0	0	0	0	0
fsh-generated/resources/CodeSystem-BRTipoDocumento.json	1932	1	0	0	0	0	0	0	0	1	0	0	0	0	0	0	0	0	0	0	10	10	0	0	0	0	0	0
fsh-generated/resources/CodeSystem-BRTipoEstabelecimentoSaude.json	4446	0	0	0	0	0	0	0	0	3	0	0	0	0	0	0	0	0	0	0	16	13	0	0	0	1	0	0
fsh-generated/resources/CodeSystem-BRTipoIdentificador.json	4658	1	0	0	0	0	0	0	0	2	0	0	0	0	0	0	0	1	0	0	17	12	0	0	0	0	0	0
fsh-generated/resources/CodeSystem-BRTipoLogradouro.json	1286	0	0	0	0	0	0	0	0	1	0	0	0	0	0	0	0	0	0	0	8	9	0	0	0	0	0	0
fsh-generated/resources/CodeSystem-BRTipoObservacao.json	1899	1	0	0	0	0	0	0	0	2	0	0	0	0	0	0	0	0	0	0	12	10	0	0	0	1	0	0
fsh-generated/resources/CodeSystem-BRTipoParticipante.json	1508	0	0	0	0	0	0	0	0	1	0	0	0	0	0	0	0	0	0	0	8	9	0	0	0	0	0	0
fsh-generated/resources/CodeSystem-BRTipoResultadoAVIDEZ.json	1388	0	0	0	0	0	0	0	0	1	0	0	0	0	0	0	0	0	0	0	8	10	0	0	0	0	0	0
fsh-generated/resources/CodeSystem-BRTipoResultadoDTNT.json	1383	1	0	0	1	0	0	0	0	1	0	0	0	0	0	0	0	0	0	0	9	11	0	0	0	0	0	0
fsh-generated/resources/CodeSystem-BRTipoResultadoHISPT.json	1379	0	0	0	0	0	0	0	0	1	0	0	0	0	0	0	0	0	0	0	7	8	0	0	0	0	0	0
fsh-generated/resources/CodeSystem-BRTipoResultadoPRAU.json	1366	0	0	0	0	0	0	0	1	1	0	0	0	0	0	0	0	0	0	0	7	9	0	0	0	0	0	0
fsh-generated/resources/CodeSystem-BRTipoResultadoPSNG.json	1364	1	0	0	0	0	0	0	0	1	0	0	0	0	0	0	0	0	0	0	11	11	0	0	0	1	0	0
fsh-generated/resources/CodeSystem-BRTipoResultadoRGNR.json	1370	0	0	0	0	0	0	0	0	0	0	0	0	0	0	0	0	0	0	0	13	14	0	0	0	0	0	0
fsh-generated/resources/CodeSystem-BRTipoResultadoRSBAC.json	1393	0	0	0	0	0	0	0	0	1	0	0	0	0	0	0	0	0	0	0	9	14	0	0	0	0	0	0
fsh-generated/resources/CodeSystem-BRTipoResultadoRSCUL.json	1391	1	0	0	0	0	0	0	0	1	0	0	0	0	0	0	0	0	0	0	11	10	0	0	0	0	0	0
fsh-generated/resources/CodeSystem-BRTipoSubstanciaUso.json	2646	0	0	0	0	0	0	0	0	2	0	0	0	0	0	0	0	0	0	0	12	11	0	0	0	1	0	0
fsh-generated/resources/CodeSystem-BRTipoTeleconsultoria.json	2050	1	0	0	0	0	0	0	0	2	0	0	0	0	0	0	0	0	0	0	12	11	0	0	0	0	0	0
fsh-generated/resources/CodeSystem-BRTurno.json	2031	0	0	0	0	0	0	0	0	1	0	0	0	0	0	0	0	0	0	0	11	11	0	0	0	0	0	0
fsh-generated/resources/CodeSystem-BRUnidadeMedida.json	5998	1	0	0	0	0	0	0	1	4	0	0	0	0	0	0	0	0	0	0	22	15	0	0	0	1	0	0
fsh-generated/resources/CodeSystem-BRUnidadeTempo.json	2251	0	0	0	0	0	0	0	0	2	0	0	0	0	0	0	0	0	0	0	12	11	0	0	0	0	0	0
fsh-generated/resources/CodeSystem-BRViaAdministracao.json	6001	1	0	0	0	0	0	0	0	3	0	0	0	0	0	0	0	0	0	0	22	16	0	0	0	1	0	0
fsh-generated/resources/CodeSystem-FormaOrganizacao.json	1138	1	0	0	1	0	0	0	0	1	0	0	0	0	0	0	0	0	0	0	7	8	0	0	0	1	0	0
fsh-generated/resources/CodeSystem-TipoConvenio.json	1484	0	0	0	0	0	0	0	0	1	0	0	0	0	0	0	0	0	0	0	8	8	0	0	0	0	0	0
fsh-generated/resources/NamingSystem-BRAlergenosCBARA.json	1589	1	10	0	0	0	0	0	0	3	148	0	0	0	0	0	0	0	0	0	8	4	0	0	0	1	0	0
fsh-generated/resources/NamingSystem-BRAtendimentoPrestado.json	1615	0	1	0	0	0	0	0	0	1	11	0	0	0	0	0	0	0	0	0	9	3	0	0	0	0	0	0
fsh-generated/resources/NamingSystem-BRCBHPMTUSS.json	1676	0	2	0	0	0	0	0	1	1	11	0	0	0	0	0	0	0	0	0	9	3	0	0	0	0	0	0
fsh-generated/resources/NamingSystem-BRCBO.json	1562	1	1	0	0	0	0	0	0	1	12	0	0	0	0	0	0	0	0	0	8	3	0	0	0	0	0	0
fsh-generated/resources/NamingSystem-BRCIAP2.json	1604	0	1	0	0	0	0	0	0	2	9	0	0	0	0	0	0	0	0	0	7	3	0	0	0	1	0	0
fsh-generated/resources/NamingSystem-BRCID10.json	1594	0	2	0	0	0	0	0	0	1	10	0	0	0	0	0	0	0	0	0	9	3	0	0	0	0	0	0
fsh-generated/resources/NamingSystem-BRCategoriaDiagnostico.json	1625	1	0	0	0	0	0	0	0	2	10	0	0	0	0	0	0	0	0	0	8	4	0	0	0	0	0	0
fsh-generated/resources/NamingSystem-BRCondicaoMaternal.json	1660	0	1	0	0	0	0	0	0	1	9	0	0	0	0	0	0	0	0	0	8	2	0	0	0	0	0	0
fsh-generated/resources/NamingSystem-BRConselhoProfissional.json	1502	1	2	0	0	0	0	0	0	2	8	0	0	0	0	0	0	0	0	0	8	3	0	0	0	0	0	1
fsh-generated/resources/NamingSystem-BRDadoAusenteOuDesconhecido.json	1733	0	2	0	0	0	0	0	0	1	9	0	0	0	0	0	0	0	0	0	9	4	0	0	0	0	0	0
fsh-generated/resources/NamingSystem-BRDesfechoProcedimento.json	1621	0	1	0	0	0	0	0	0	1	9	0	0	0	0	0	0	0	0	0	10	3	0	0	0	1	0	0
fsh-generated/resources/NamingSystem-BRDivisaoGeograficaBrasil.json	1645	1	1	0	0	0	0	0	0	1	9	0	0	0	0	0	0	0	0	0	10	3	0	0	0	0	0	0
fsh-generated/resources/NamingSystem-BRDose.json	1586	0	0	0	0	0	0	0	0	1	12	0	0	0	0	0	0	0	0	0	7	3	0	0	0	0	0	0
fsh-generated/resources/NamingSystem-BRElegibilidadeImunobiologico.json	1512	0	2	0	0	0	0	0	0	1	9	0	0	0	0	0	0	0	0	0	7	3	0	0	0	0	0	0
fsh-generated/resources/NamingSystem-BREstrategiaVacinacao.json	1673	0	2	0	0	0	0	0	0	2	8	0	0	0	0	0	0	0	0	0	8	3	0	0	0	1	0	0
fsh-generated/resources/NamingSystem-BREtniaIndigena.json	1580	1	2	0	0	0	0	0	0	1	9	0	0	0	0	0	0	0	0	0	8	4	0	0	0	0	0	0
fsh-generated/resources/NamingSystem-BRFabricantePNI.json	1646	1	1	0	0	0	0	0	1	2	7	0	0	0	0	0	0	0	0	0	7	4	0	0	0	1	0	0
fsh-generated/resources/NamingSystem-BRFinanciamento.json	637	0	2	0	0	0	0	0	0	1	8	0	0	0	0	0	0	0	0	0	10	3	0	0	0	1	0	0
fsh-generated/resources/NamingSystem-BRFrequenciaUsoSubstancia.json	763	0	1	0	0	0	0	0	0	2	8	0	0	0	0	0	0	0	0	0	9	3	0	0	0	0	0	0
fsh-generated/resources/NamingSystem-BRGrupoAtendimento.json	643	0	0	0	0	0	0	0	0	2	6	0	0	0	0	0	0	0	0	0	8	3	0	0	0	0	0	0
fsh-generated/resources/NamingSystem-BRIBGE.json	1487	1	2	0	0	0	0	0	0	1	7	0	0	0	0	0	0	0	0	0	8	3	0	0	0	1	0	0
fsh-generated/resources/NamingSystem-BRImunobiologico.json	1585	0	1	0	0	0	0	0	0	1	7	0	0	0	0	0	0	0	0	0	8	3	0	0	0	0	0	0
fsh-generated/resources/NamingSystem-BRInstalacoesFisicas.json	1612	0	2	0	1	0	0	0	0	2	7	0	0	0	0	0	0	0	0	0	9	3	0	0	0	0	0	0
fsh-generated/resources/NamingSystem-BRJustificativaIndividuoNaoIdentificado.json	1750	1	2	0	0	0	0	0	0	1	8	0	0	0	0	0	0	0	0	0	9	4	0	0	0	0	0	0
fsh-generated/resources/NamingSystem-BRLocalAfericao.json	1636	0	1	0	0	0	0	0	0	2	7	0	0	0	0	0	0	0	0	0	8	4	0	0	0	1	0	0
fsh-generated/resources/NamingSystem-BRLocalAplicacao.json	1590	0	1	0	0	0	0	0	0	1	7	0	0	0	0	0	0	0	0	0	8	3	0	0	0	0	0	0
fsh-generated/resources/NamingSystem-BRLocalAtendimento.json	607	0	1	0	0	0	0	0	0	1	7	0	0	0	0	0	0	0	0	0	9	3	0	0	0	0	0	0
fsh-generated/resources/NamingSystem-BRMedDRA.json	1588	1	1	0	0	0	0	0	0	1	8	0	0	0	0	0	0	0	0	0	8	3	0	0	0	0	0	0
fsh-generated/resources/NamingSystem-BRMedicamento.json	1566	0	2	0	0	0	0	0	0	2	7	0	0	0	0	0	0	0	0	0	8	4	0	0	0	0	0	0
fsh-generated/resources/NamingSystem-BRModalidadeAssistencial.json	1633	0	1	0	0	0	0	0	0	1	8	0	0	0	0	0	0	0	0	0	8	3	0	0	0	0	0	0
fsh-generated/resources/NamingSystem-BRModalidadeFinanceira.json	1621	0	1	0	0	0	0	0	1	1	25	0	0	0	0	0	0	0	0	0	8	3	0	0	0	1	0	0
fsh-generated/resources/NamingSystem-BRMotivoProcedimentoNaoRealizado.json	1684	1	1	0	0	0	0	0	0	1	7	0	0	0	0	0	0	0	0	0	9	3	0	0	0	1	0	0
fsh-generated/resources/NamingSystem-BRNacionalidade.json	562	0	1	0	0	0	0	0	0	2	7	0	0	0	0	0	0	0	0	0	11	4	0	0	0	0	0	2
fsh-generated/resources/NamingSystem-BRNomeExameGAL.json	1573	1	1	0	0	0	0	0	0	1	7	0	0	0	0	0	0	0	0	0	11	5	0	0	0	1	0	0
fsh-generated/resources/NamingSystem-BRNomeExameLOINC.json	1634	0	2	0	0	0	0	0	0	1	7	0	0	0	0	0	0	0	0	0	8	4	0	0	0	0	0	0
fsh-generated/resources/NamingSystem-BRObmAMPP.json	1650	0	2	0	0	0	0	0	0	2	6	0	0	0	0	0	0	0	0	0	8	3	0	0	0	0	0	0
fsh-generated/resources/NamingSystem-BRObmANVISA.json	1670	0	1	0	0	0	0	0	0	1	7	0	0	0	0	0	0	0	0	0	8	3	0	0	0	0	0	0
fsh-generated/resources/NamingSystem-BRObmCATMAT.json	1627	1	1	0	0	0	0	0	0	1	7	0	0	0	0	0	0	0	0	0	9	5	0	0	0	1	0	0
fsh-generated/resources/NamingSystem-BRObmEAN.json	1588	0	1	0	0	0	0	0	0	1	6	0	0	0	0	0	0	0	0	0	7	4	0	0	0	0	0	0
fsh-generated/resources/NamingSystem-BRObmVMP.json	1565	0	1	0	0	0	0	0	0	2	7	0	0	0	0	0	0	0	0	0	8	3	0	0	0	0	0	0
fsh-generated/resources/NamingSystem-BRObmVTM.json	1564	1	1	0	0	0	0	0	0	1	6	0	0	0	0	0	0	0	0	0	8	4	0	0	0	0	0	0
fsh-generated/resources/NamingSystem-BROrgaoExpedidor.json	1639	0	1	0	0	0	0	0	0	3	6	0	0	0	0	0	0	0	0	0	8	4	0	0	0	1	0	0
fsh-generated/resources/NamingSystem-BROrtesesProtesesImplantaveis.json	1518	0	2	0	0	0	0	0	0	2	7	0	0	0	0	0	0	0	0	0	8	3	0	0	0	0	0	0
fsh-generated/resources/NamingSystem-BRPais.json	1527	0	2	0	1	0	0	0	0	1	6	0	0	0	0	0	0	0	0	0	8	3	0	0	0	0	0	0
fsh-generated/resources/NamingSystem-BRPapelProblemaDiagnostico.json	613	1	2	0	0	0	0	0	0	1	7	0	0	0	0	0	0	0	0	0	8	4	0	0	0	0	0	0
fsh-generated/resources/NamingSystem-BRParentesco.json	1612	0	1	0	0	0	0	0	1	2	6	0	0	0	0	0	0	0	0	0	8	3	0	0	0	1	0	0
fsh-generated/resources/NamingSystem-BRPopulacaoTradicional.json	1478	0	2	0	0	0	0	0	0	1	5	0	0	0	0	0	0	0	0	0	8	3	0	0	0	0	0	0
fsh-generated/resources/NamingSystem-BRPosicaoIndividuo.json	1655	1	1	0	0	0	0	0	0	1	7	0	0	0	0	0	0	0	0	0	9	4	0	0	0	0	0	0
fsh-generated/resources/NamingSystem-BRPovoItinerante.json	1638	0	2	0	0	0	0	0	0	1	6	0	0	0	0	0	0	0	0	0	8	3	0	0	0	1	0	0
fsh-generated/resources/NamingSystem-BRPresenteAusente.json	654	0	1	0	0	0	0	0	0	2	7	0	0	0	0	0	0	0	0	0	8	3	0	0	0	0	0	0
fsh-generated/resources/NamingSystem-BRProgramaSaude.json	1447	0	1	0	0	0	0	0	0	1	5	0	0	0	0	0	0	0	0	0	7	4	0	0	0	0	0	0
fsh-generated/resources/NamingSystem-BRRacaCor.json	1596	1	2	0	0	0	0	0	0	2	6	0	0	0	0	0	0	1	0	0	8	3	0	0	0	0	0	0
fsh-generated/resources/NamingSystem-BRRegistroOrigem.json	1591	0	2	0	0	0	0	0	0	1	7	0	0	0	0	0	0	0	0	0	9	4	0	0	0	0	0	0
fsh-generated/resources/NamingSystem-BRResultadoQualitativoExame.json	1655	0	2	0	0	0	0	0	0	1	5	0	0	0	0	0	0	0	0	0	9	4	0	0	0	1	0	0
fsh-generated/resources/NamingSystem-BRServicoEspecializado.json	1673	1	2	0	0	0	0	0	0	1	6	0	0	0	0	0	0	0	0	0	12	5	0	0	0	0	0	1
fsh-generated/resources/NamingSystem-BRStatusAgendamentoRegulacaoAssistencial.json	667	0	1	0	0	0	0	0	0	1	7	0	0	0	0	0	0	0	0	0	9	5	0	0	0	0	0	0
fsh-generated/resources/NamingSystem-BRStatusRegulacaoAssistencial.json	608	0	1	0	0	0	0	0	0	1	8	0	0	0	0	0	0	0	0	0	9	5	0	0	0	0	0	0
fsh-generated/resources/NamingSystem-BRSubGrupoTabelaSUS.json	561	1	1	0	0	0	0	0	0	1	6	0	0	0	0	0	0	0	0	0	9	5	0	0	0	0	0	0
fsh-generated/resources/NamingSystem-BRTabelaSUS.json	1595	0	1	0	0	0	0	0	0	2	6	0	0	0	0	0	0	0	0	0	8	4	0	0	0	1	0	0
fsh-generated/resources/NamingSystem-BRTerminologiaPatogeno.json	1609	0	1	0	0	0	0	0	0	1	7	0	0	0	0	0	0	0	0	0	8	5	0	0	0	0	0	0
fsh-generated/resources/NamingSystem-BRTerminologiaSuspeitaDiagnostica.json	648	1	1	0	0	0	0	0	1	2	5	0	0	0	0	0	0	0	0	0	8	5	0	0	0	0	0	0
fsh-generated/resources/NamingSystem-BRTipoAleitamentoMaterno.json	1634	0	1	0	1	0	0	0	0	1	7	0	0	0	0	0	0	0	0	0	8	3	0	0	0	0	0	0
fsh-generated/resources/NamingSystem-BRTipoAmostraGAL.json	1596	0	2	0	0	1	0	0	0	2	6	0	0	0	0	0	0	0	0	0	8	3	0	0	0	0	0	0
fsh-generated/resources/NamingSystem-BRTipoDispensacaoRealizada.json	609	1	1	0	0	0	0	0	0	1	6	0	0	0	0	0	0	0	0	0	9	3	0	0	0	1	0	0
fsh-generated/resources/NamingSystem-BRTipoDocumento.json	1582	0	1	0	0	0	0	0	0	2	6	0	0	0	0	0	0	0	0	0	7	3	0	0	0	0	0	0
fsh-generated/resources/NamingSystem-BRTipoEstabelecimentoSaude.json	1653	0	1	0	0	0	0	0	0	1	7	0	0	0	0	0	0	0	0	0	9	3	0	0	0	0	0	0
fsh-generated/resources/NamingSystem-BRTipoIdentificador.json	1606	1	2	0	0	0	0	0	0	1	5	0	0	0	0	0	0	0	0	0	8	3	0	0	0	0	0	0
fsh-generated/resources/NamingSystem-BRTipoLogradouro.json	1640	0	2	0	0	0	0	0	0	1	6	0	0	0	0	0	0	0	0	0	8	3	0	0	0	0	0	0
fsh-generated/resources/NamingSystem-BRTipoObservacao.json	1590	0	1	0	0	0	0	0	0	1	6	0	0	0	0	0	0	0	0	0	8	3	0	0	0	0	0	0
fsh-generated/resources/NamingSystem-BRTipoParticipante.json	1600	0	2	0	0	0	0	0	0	2	5	0	0	0	0	0	0	0	0	0	11	3	0	0	0	1	0	0
fsh-generated/resources/NamingSystem-BRTipoResultadoAVIDEZ.json	1619	1	1	0	0	0	0	0	0	1	7	0	0	0	0	0	0	0	0	0	9	5	0	0	0	0	0	0
fsh-generated/resources/NamingSystem-BRTipoResultadoDTNT.json	1607	0	1	0	0	0	0	0	0	1	6	0	0	0	0	0	0	0	0	0	7	5	0	0	0	0	0	0
fsh-generated/resources/NamingSystem-BRTipoResultadoHISPT.json	1613	0	1	0	0	0	0	0	0	1	5	0	0	0	0	0	0	0	0	0	9	4	0	0	0	0	0	0
fsh-generated/resources/NamingSystem-BRTipoResultadoPRAU.json	1607	1	1	0	0	0	0	0	0	1	6	0	0	0	0	0	0	0	0	0	7	3	0	0	0	1	0	0
fsh-generated/resources/NamingSystem-BRTipoResultadoPSNG.json	1607	0	2	0	0	0	0	0	1	1	5	0	0	0	0	0	0	0	0	0	7	3	0	0	0	0	0	0
fsh-generated/resources/NamingSystem-BRTipoResultadoRGNR.json	1607	0	1	0	1	0	0	0	0	2	6	0	0	0	0	0	0	0	0	0	9	3	0	0	0	0	0	0
fsh-generated/resources/NamingSystem-BRTipoResultadoRSBAC.json	1613	1	2	0	0	0	0	0	0	2	6	0	0	0	0	0	0	0	0	0	9	3	0	0	0	0	0	0
fsh-generated/resources/NamingSystem-BRTipoResultadoRSCUL.json	1617	0	1	0	0	0	0	0	0	1	5	0	0	0	0	0	0	0	0	0	9	3	0	0	0	0	0	0
fsh-generated/resources/NamingSystem-BRTipoSubstanciaUso.json	732	0	1	0	0	0	0	0	0	2	5	0	0	0	0	0	0	0	0	0	10	3	0	0	0	1	0	0
fsh-generated/resources/NamingSystem-BRTurno.json	537	1	1	0	0	0	0	0	0	2	6	0	0	0	0	0	0	0	0	0	6	2	0	0	0	0	0	0
fsh-generated/resources/NamingSystem-BRUnidadeMedida.json	1582	0	2	0	0	0	0	0	0	2	7	0	0	0	0	0	0	0	0	0	8	3	0	0	0	0	0	0
fsh-generated/resources/NamingSystem-BRUnidadeTempo.json	578	0	1	0	0	0	0	0	0	2	7	0	0	0	0	0	0	0	0	0	8	3	0	0	0	0	0	0
fsh-generated/resources/NamingSystem-BRViaAdministracao.json	1602	0	2	0	0	0	0	0	0	2	7	0	0	0	0	0	0	0	0	0	8	4	0	0	0	0	0	0
fsh-generated/resources/NamingSystem-TipoConvenio.json	1567	1	1	0	0	0	0	0	0	1	6	0	0	0	0	0	0	0	0	0	9	5	0	0	0	1	0	0
fsh-generated/resources/NamingSystem-cnes.json	1688	0	1	0	0	0	0	0	0	2	10	0	0	0	0	0	0	0	0	0	7	4	0	0	0	0	0	0
fsh-generated/resources/NamingSystem-cnpj.json	1659	1	1	0	0	0	0	0	0	1	6	0	0	0	0	0	0	0	0	0	8	3	0	0	0	0	0	0
fsh-generated/resources/NamingSystem-cns.json	1622	0	1	0	0	0	0	0	0	1	9	0	0	0	0	0	0	0	0	0	7	3	0	0	0	0	0	0
fsh-generated/resources/NamingSystem-coren-ac.json	1544	0	1	0	0	0	0	0	0	1	5	0	0	0	0	0	0	0	0	0	9	3	0	0	0	0	0	0
fsh-generated/resources/NamingSystem-coren-al.json	1544	1	1	0	0	0	0	0	0	1	8	0	0	0	0	0	0	0	0	0	10	3	0	0	0	1	0	1
fsh-generated/resources/NamingSystem-coren-am.json	1544	0	1	0	1	0	0	0	1	1	6	0	0	0	0	0	0	0	0	0	8	2	0	0	0	0	0	0
fsh-generated/resources/NamingSystem-coren-ap.json	1544	0	1	0	0	0	0	0	0	1	6	0	0	0	0	0	0	0	0	0	7	3	0	0	0	0	0	0
fsh-generated/resources/NamingSystem-coren-ba.json	1544	1	1	0	0	0	0	0	0	1	6	0	0	0	0	0	0	0	0	0	8	3	0	0	0	0	0	0
fsh-generated/resources/NamingSystem-coren-ce.json	1544	1	1	0	0	0	0	0	0	1	5	0	0	0	0	0	0	0	0	0	8	3	0	0	0	0	0	0
fsh-generated/resources/NamingSystem-coren-df.json	1544	0	0	0	0	0	0	0	0	1	5	0	0	0	0	0	0	0	0	0	8	4	0	0	0	0	0	0
fsh-generated/resources/NamingSystem-coren-es.json	1544	1	1	0	0	0	0	0	0	2	6	0	0	0	0	0	0	0	0	0	8	3	0	0	0	1	0	0
fsh-generated/resources/NamingSystem-coren-go.json	1544	0	1	0	0	0	0	0	0	1	5	0	0	0	0	0	0	0	0	0	7	3	0	0	0	0	0	0
fsh-generated/resources/NamingSystem-coren-ma.json	1544	0	1	0	0	0	0	0	0	1	6	0	0	0	0	0	0	0	0	0	8	3	0	0	0	0	0	0
fsh-generated/resources/NamingSystem-coren-mg.json	1544	1	1	0	0	0	0	0	0	2	5	0	0	0	0	0	0	0	0	0	12	3	0	0	0	0	0	0
fsh-generated/resources/NamingSystem-coren-ms.json	1544	0	0	0	0	0	0	0	0	1	6	0	0	0	0	0	0	0	0	0	10	3	0	0	0	0	0	0
fsh-generated/resources/NamingSystem-coren-mt.json	1544	0	1	0	0	0	0	0	0	2	5	0	0	0	0	0	0	0	0	0	8	3	0	0	0	0	0	0
fsh-generated/resources/NamingSystem-coren-pa.json	1544	1	0	0	0	0	0	0	0	2	5	0	0	0	0	0	0	0	0	0	8	3	0	0	0	0	0	0
fsh-generated/resources/NamingSystem-coren-pb.json	1544	0	1	0	0	0	0	0	0	2	5	0	0	0	0	0	0	0	0	0	7	3	0	0	0	1	0	0
fsh-generated/resources/NamingSystem-coren-pe.json	1544	0	1	0	0	0	0	0	0	2	7	0	0	0	0	0	0	0	0	0	8	3	0	0	0	0	0	0
fsh-generated/resources/NamingSystem-coren-pi.json	1544	1	1	0	1	0	0	0	0	6	4	0	0	0	0	0	0	0	0	0	7	3	0	0	0	0	0	0
fsh-generated/resources/NamingSystem-coren-pr.json	1544	0	0	0	0	0	0	0	0	1	7	0	0	0	0	0	0	0	0	0	7	4	0	0	0	0	0	0
fsh-generated/resources/NamingSystem-coren-rj.json	1544	1	1	0	0	0	0	0	1	2	5	0	0	0	0	0	0	0	0	0	8	3	0	0	0	0	0	0
fsh-generated/resources/NamingSystem-coren-rn.json	1544	0	1	0	0	0	0	0	0	1	5	0	0	0	0	0	0	0	0	0	8	3	0	0	0	0	0	0
fsh-generated/resources/NamingSystem-coren-ro.json	1544	0	0	0	0	0	0	0	0	1	7	0	0	0	0	0	0	0	0	0	8	3	0	0	0	1	0	0
fsh-generated/resources/NamingSystem-coren-rr.json	1544	1	1	0	0	0	0	0	0	1	5	0	0	0	0	0	0	0	0	0	7	3	0	0	0	0	0	0
fsh-generated/resources/NamingSystem-coren-rs.json	1544	0	1	0	0	0	0	0	0	1	5	0	0	0	0	0	0	0	0	0	8	2	0	0	0	0	0	0
fsh-generated/resources/NamingSystem-coren-sc.json	1544	1	0	0	0	0	0	0	0	1	7	0	0	0	0	0	0	0	0	0	7	3	0	0	0	0	0	0
fsh-generated/resources/NamingSystem-coren-se.json	1544	0	1	0	0	0	0	0	0	1	7	0	0	0	0	0	0	0	0	0	9	3	0	0	0	0	0	0
fsh-generated/resources/NamingSystem-coren-sp.json	1544	0	1	0	0	0	0	0	0	1	6	0	0	0	0	0	0	0	0	0	11	3	0	0	0	0	0	0
fsh-generated/resources/NamingSystem-coren-to.json	1544	1	1	0	0	0	0	0	0	1	5	0	0	0	0	0	0	0	0	0	9	3	0	0	0	1	0	0
fsh-generated/resources/NamingSystem-cpf.json	1630	0	0	0	0	0	0	0	0	0	6	0	0	0	0	0	0	0	0	0	10	3	0	0	0	0	0	0
fsh-generated/resources/NamingSystem-crefito-ba.json	1600	1	1	0	0	0	0	0	0	1	9	0	0	0	0	0	0	0	0	0	10	3	0	0	0	0	0	0
fsh-generated/resources/NamingSystem-crefito-ce.json	1600	0	1	0	0	0	0	0	0	1	8	0	0	0	0	0	0	0	0	0	8	3	0	0	0	0	0	0
fsh-generated/resources/NamingSystem-crefito-es.json	1600	1	1	0	1	0	0	0	0	1	9	0	0	0	0	0	0	0	0	0	7	2	0	0	0	0	0	0
fsh-generated/resources/NamingSystem-crefito-go-df.json	1611	0	0	0	0	0	0	0	0	1	9	0	0	0	0	0	0	0	0	0	9	3	0	0	0	0	0	0
fsh-generated/resources/NamingSystem-crefito-ma.json	1600	1	1	0	0	0	0	0	0	1	7	0	0	0	0	0	0	0	0	0	12	3	0	0	0	1	0	0
fsh-generated/resources/NamingSystem-crefito-mg.json	1600	0	1	0	0	0	0	0	1	1	8	0	0	0	0	0	0	0	0	0	11	3	0	0	0	0	0	0
fsh-generated/resources/NamingSystem-crefito-ms.json	1600	1	1	0	0	0	0	0	0	1	7	0	0	0	0	0	0	0	0	0	9	3	0	0	0	0	0	0
fsh-generated/resources/NamingSystem-crefito-mt.json	1600	0	1	0	0	0	0	0	0	1	7	0	0	0	0	0	0	0	0	0	9	2	0	0	0	0	0	0
fsh-generated/resources/NamingSystem-crefito-pa-am-to-rr-ap.json	1644	0	0	0	0	0	0	0	0	1	9	0	0	0	0	0	0	0	0	0	9	4	0	0	0	0	0	0
fsh-generated/resources/NamingSystem-crefito-pe-pb-al-rn.json	1633	1	1	0	0	0	0	0	0	1	5	0	0	0	0	0	0	0	0	0	9	3	0	0	0	0	0	0
fsh-generated/resources/NamingSystem-crefito-pi.json	1600	0	1	0	0	0	0	0	0	1	5	0	0	0	0	0	0	0	0	0	9	3	0	0	0	1	0	0
fsh-generated/resources/NamingSystem-crefito-pr.json	1600	0	1	0	0	0	0	0	0	2	6	0	0	0	0	0	0	0	0	0	8	2	0	0	0	0	0	1
fsh-generated/resources/NamingSystem-crefito-rj.json	1600	1	1	0	0	0	0	0	0	1	6	0	0	0	0	0	0	0	0	0	8	3	0	0	0	0	0	0
fsh-generated/resources/NamingSystem-crefito-ro-ac.json	1611	0	1	0	0	0	0	0	0	1	6	0	0	0	0	0	0	0	0	0	7	3	0	0	0	0	0	0
fsh-generated/resources/NamingSystem-crefito-rs.json	1600	0	1	0	0	0	0	0	0	1	6	0	0	0	0	0	0	0	0	0	8	2	0	0	0	0	0	0
fsh-generated/resources/NamingSystem-crefito-sc.json	1600	1	2	0	1	0	0	0	0	0	5	0	0	0	0	0	0	0	0	0	7	3	0	0	0	0	0	0
fsh-generated/resources/NamingSystem-crefito-se.json	1600	0	0	0	0	0	0	0	0	1	4	0	0	0	0	0	0	0	0	0	8	2	0	0	0	0	0	0
fsh-generated/resources/NamingSystem-crefito-sp.json	1600	0	1	0	0	0	0	0	0	1	4	0	0	0	0	0	0	0	0	0	7	3	0	0	0	1	0	0
fsh-generated/resources/NamingSystem-crefono-am-ac-ap-pa-ro-rr.json	1695	1	1	0	0	0	0	0	0	1	6	0	0	0	0	0	0	0	0	0	8	3	0	0	0	0	0	0
fsh-generated/resources/NamingSystem-crefono-ce-ma-pi-rn.json	1657	0	1	0	0	0	0	0	0	2	6	0	0	0	0	0	0	0	0	0	9	2	0	0	0	0	0	0
fsh-generated/resources/NamingSystem-crefono-go-df-ms-mt-to.json	1678	0	0	0	0	0	0	0	0	1	5	0	0	0	0	0	0	0	0	0	8	3	0	0	0	0	0	0
fsh-generated/resources/NamingSystem-crefono-mg-es.json	1619	1	1	0	0	0	0	0	1	1	4	0	0	0	0	0	0	0	0	0	7	3	0	0	0	0	0	0
fsh-generated/resources/NamingSystem-crefono-pe-al-ba-pb-se.json	1676	0	1	0	0	0	0	0	0	1	5	0	0	0	0	0	0	0	0	0	8	2	0	0	0	0	0	0
fsh-generated/resources/NamingSystem-crefono-pr-sc.json	1619	1	1	0	0	0	0	0	0	1	5	0	0	0	0	0	0	0	0	0	7	3	0	0	0	1	0	0
fsh-generated/resources/NamingSystem-crefono-rj.json	1598	0	0	0	0	0	0	0	0	1	5	0	0	0	0	0	0	0	0	0	8	3	0	0	0	0	0	0
fsh-generated/resources/NamingSystem-crefono-rs.json	1598	0	1	0	1	0	0	0	0	1	4	0	0	0	0	0	0	0	0	0	7	3	0	0	0	0	0	0
fsh-generated/resources/NamingSystem-crefono-sp.json	1598	1	1	0	0	0	0	0	0	1	5	0	0	0	0	0	0	0	0	0	11	3	0	0	0	0	0	0
fsh-generated/resources/NamingSystem-cress-ac.json	1594	0	1	0	0	0	0	0	0	2	5	0	0	0	0	0	0	0	0	0	9	3	0	0	0	0	0	0
fsh-generated/resources/NamingSystem-cress-al.json	1586	0	0	0	0	0	0	0	0	1	5	0	0	0	0	0	0	0	0	0	7	3	0	0	0	1	0	0
fsh-generated/resources/NamingSystem-cress-am.json	1586	1	1	0	0	0	0	0	0	1	5	0	0	0	0	0	0	0	0	0	7	3	0	0	0	0	0	0
fsh-generated/resources/NamingSystem-cress-ap.json	1586	0	1	0	0	0	0	0	0	3	5	0	0	0	0	0	0	0	0	0	8	5	0	0	0	0	0	0
fsh-generated/resources/NamingSystem-cress-ba.json	1584	1	1	0	0	0	0	0	0	1	4	0	0	0	0	0	0	1	0	0	7	5	0	0	0	0	0	0
fsh-generated/resources/NamingSystem-cress-ce.json	1584	0	1	0	0	0	0	0	0	1	5	0	0	0	0	0	0	0	0	0	8	4	0	0	0	0	0	0
fsh-generated/resources/NamingSystem-cress-df.json	1584	1	0	0	0	0	0	0	0	1	4	0	0	0	0	0	0	0	0	0	8	4	0	0	0	1	0	0
fsh-generated/resources/NamingSystem-cress-es.json	1586	0	1	0	0	0	0	0	0	1	5	0	0	0	0	0	0	0	0	0	8	4	0	0	0	0	0	0
fsh-generated/resources/NamingSystem-cress-go.json	1586	0	1	0	0	0	0	0	0	1	6	0	0	0	0	0	0	0	0	0	7	3	0	0	0	0	0	0
fsh-generated/resources/NamingSystem-cress-ma.json	1584	1	1	0	1	0	0	0	0	1	4	0	0	0	0	0	0	0	0	0	7	2	0	0	0	0	0	0
fsh-generated/resources/NamingSystem-cress-mg.json	1584	0	1	0	0	0	0	0	1	1	5	0	0	0	0	0	0	0	0	0	7	3	0	0	0	0	0	0
fsh-generated/resources/NamingSystem-cress-ms.json	1586	0	1	0	0	0	0	0	0	1	6	0	0	0	0	0	0	0	0	0	9	3	0	0	0	0	0	0
fsh-generated/resources/NamingSystem-cress-mt.json	1586	0	1	0	0	0	0	0	0	1	4	0	0	0	0	0	0	0	0	0	7	3	0	0	0	1	0	0
fsh-generated/resources/NamingSystem-cress-pa.json	1584	1	0	0	0	0	0	0	0	1	4	0	0	0	0	0	0	0	0	0	7	2	0	0	0	0	0	0
fsh-generated/resources/NamingSystem-cress-pb.json	1586	0	1	0	0	0	0	0	0	1	5	0	0	0	0	0	0	0	0	0	8	4	0	0	0	0	0	0
fsh-generated/resources/NamingSystem-cress-pe.json	1584	0	1	0	0	0	0	0	0	1	5	0	0	0	0	0	0	0	0	0	8	3	0	0	0	0	0	0
fsh-generated/resources/NamingSystem-cress-pi.json	1586	1	1	0	0	0	0	0	0	0	5	0	0	0	0	0	0	0	0	0	7	3	0	0	0	0	0	0
fsh-generated/resources/NamingSystem-cress-pr.json	1586	0	1	0	0	0	0	0	0	1	4	0	0	0	0	0	0	0	0	0	7	3	0	0	0	1	0	0
fsh-generated/resources/NamingSystem-cress-rj.json	1584	0	1	0	0	0	0	0	0	1	5	0	0	0	0	0	0	0	0	0	8	3	0	0	0	0	0	0
fsh-generated/resources/NamingSystem-cress-rn.json	1586	0	1	0	0	0	0	0	0	1	5	0	0	0	0	0	0	0	0	0	8	3	0	0	0	0	0	0
fsh-generated/resources/NamingSystem-cress-ro.json	1586	1	0	0	0	0	0	0	0	1	4	0	0	0	0	0	0	0	0	0	8	40	0	0	0	0	0	0
fsh-generated/resources/NamingSystem-cress-rr.json	1594	0	1	0	1	0	0	0	0	1	4	0	0	0	0	0	0	0	0	0	10	3	0	0	0	0	0	0
fsh-generated/resources/NamingSystem-cress-rs.json	1586	0	1	0	0	0	0	0	0	2	6	0	0	0	0	0	0	0	0	0	10	3	0	0	0	0	0	0
fsh-generated/resources/NamingSystem-cress-sc.json	1586	0	1	0	0	0	0	0	0	2	4	0	0	0	0	0	0	0	0	0	8	3	0	0	0	1	0	1
fsh-generated/resources/NamingSystem-cress-se.json	1586	1	1	0	0	0	0	0	0	1	5	0	0	0	0	0	0	0	0	0	7	3	0	0	0	0	0	0
fsh-generated/resources/NamingSystem-cress-sp.json	1584	0	1	0	0	0	0	0	0	1	6	0	0	0	0	0	0	0	0	0	7	3	0	0	0	0	0	0
fsh-generated/resources/NamingSystem-cress-to.json	1586	0	0	0	0	0	0	0	1	1	5	0	0	0	0	0	0	0	0	0	8	2	0	0	0	0	0	0
fsh-generated/resources/NamingSystem-crf-ac.json	1534	0	1	0	0	0	0	0	0	1	5	0	0	0	0	0	0	0	0	0	7	3	0	0	0	0	0	0
fsh-generated/resources/NamingSystem-crf-al.json	1534	1	1	0	0	0	0	0	0	1	5	0	0	0	0	0	0	0	0	0	7	2	0	0	0	0	0	0
fsh-generated/resources/NamingSystem-crf-am.json	1534	0	1	0	0	0	0	0	0	1	4	0	0	0	0	0	0	0	0	0	8	3	0	0	0	0	0	0
fsh-generated/resources/NamingSystem-crf-ap.json	1534	0	1	0	0	0	0	0	0	2	5	0	0	0	0	0	0	0	0	0	7	3	0	0	0	1	0	0
fsh-generated/resources/NamingSystem-crf-ba.json	1534	0	1	0	0	0	0	0	0	1	6	0	0	0	0	0	0	0	0	0	7	2	0	0	0	0	0	0
fsh-generated/resources/NamingSystem-crf-ce.json	1534	1	0	0	0	0	0	0	0	1	4	0	0	0	0	0	0	0	0	0	9	3	0	0	0	0	0	0
fsh-generated/resources/NamingSystem-crf-df.json	1534	0	1	0	1	0	0	0	0	1	5	0	0	0	0	0	0	0	0	0	9	2	0	0	0	0	0	0
fsh-generated/resources/NamingSystem-crf-es.json	1534	0	1	0	0	0	0	0	0	1	5	0	0	0	0	0	0	0	0	0	7	4	0	0	0	0	0	0
fsh-generated/resources/NamingSystem-crf-go.json	1534	0	2	0	0	0	0	0	0	1	4	0	0	0	0	0	0	0	0	0	8	3	0	0	0	0	0	0
fsh-generated/resources/NamingSystem-crf-ma.json	1534	1	1	0	0	0	0	0	0	1	5	0	0	0	0	0	0	0	0	0	9	2	0	0	0	0	0	0
fsh-generated/resources/NamingSystem-crf-mg.json	1534	0	1	0	0	0	0	0	0	1	5	0	0	0	0	0	0	0	0	0	9	4	0	0	0	1	0	0
fsh-generated/resources/NamingSystem-crf-ms.json	1534	0	1	0	0	0	0	0	0	1	5	0	0	0	0	0	0	0	0	0	7	3	0	0	0	0	0	0
fsh-generated/resources/NamingSystem-crf-mt.json	1534	0	0	0	0	0	0	0	0	1	5	0	0	0	0	0	0	0	0	0	7	3	0	0	0	0	0	0
fsh-generated/resources/NamingSystem-crf-pa.json	1534	1	1	0	0	0	0	0	0	1	5	0	0	0	0	0	0	0	0	0	7	4	0	0	0	0	0	0
fsh-generated/resources/NamingSystem-crf-pb.json	1534	0	1	0	0	0	0	0	0	1	5	0	0	0	0	0	0	0	0	0	8	3	0	0	0	0	0	0
fsh-generated/resources/NamingSystem-crf-pe.json	1534	0	1	0	0	0	0	0	1	1	5	0	0	0	0	0	0	0	0	0	7	4	0	0	0	1	0	0
fsh-generated/resources/NamingSystem-crf-pi.json	1534	1	0	0	1	0	0	0	0	1	5	0	0	0	0	0	0	0	0	0	8	3	0	0	0	0	0	0
fsh-generated/resources/NamingSystem-crf-pr.json	1534	0	1	0	0	0	0	0	0	1	4	0	0	0	0	0	0	0	0	0	11	4	0	0	0	0	0	0
fsh-generated/resources/NamingSystem-crf-rj.json	1534	0	1	0	0	0	0	0	0	1	7	0	0	0	0	0	0	0	0	0	8	3	0	0	0	0	0	0
fsh-generated/resources/NamingSystem-crf-rn.json	1534	1	1	0	0	0	0	0	0	1	4	0	0	0	0	0	0	0	0	0	8	3	0	0	0	0	0	0
fsh-generated/resources/NamingSystem-crf-ro.json	1534	0	0	0	0	0	0	0	0	0	4	0	0	0	0	0	0	0	0	0	7	3	0	0	0	0	0	0
fsh-generated/resources/NamingSystem-crf-rr.json	1534	0	1	0	0	0	0	0	0	1	6	0	0	0	0	0	0	0	0	0	7	3	0	0	0	0	0	0
fsh-generated/resources/NamingSystem-crf-rs.json	1534	0	1	0	0	0	0	0	0	1	5	0	0	0	0	0	0	0	0	0	9	4	0	0	0	1	0	0
fsh-generated/resources/NamingSystem-crf-sc.json	1534	1	1	0	0	0	0	0	0	0	4	0	0	0	0	0	0	0	0	0	7	3	0	0	0	0	0	0
fsh-generated/resources/NamingSystem-crf-se.json	1534	0	1	0	0	0	0	0	0	1	5	0	0	0	0	0	0	0	0	0	8	3	0	0	0	0	0	0
fsh-generated/resources/NamingSystem-crf-sp.json	1534	0	0	0	0	0	0	0	0	1	5	0	0	0	0	0	0	0	0	0	8	3	0	0	0	0	0	0
fsh-generated/resources/NamingSystem-crf-to.json	1534	0	1	0	0	0	0	0	0	0	5	0	0	0	0	0	0	0	0	0	8	3	0	0	0	0	0	0
fsh-generated/resources/NamingSystem-crm-ac.json	1532	1	1	0	1	0	0	0	0	1	4	0	0	0	0	0	0	0	0	0	7	3	0	0	0	0	0	0
fsh-generated/resources/NamingSystem-crm-al.json	1532	0	1	0	0	0	0	0	0	0	6	0	0	0	0	0	0	0	0	0	7	4	0	0	0	1	0	0
fsh-generated/resources/NamingSystem-crm-am.json	1532	0	0	0	0	0	0	0	0	1	5	0	0	0	0	0	0	0	0	0	7	3	0	0	0	0	0	0
fsh-generated/resources/NamingSystem-crm-ap.json	1532	0	1	0	0	0	0	0	0	1	5	0	0	0	0	0	0	0	0	0	7	3	0	0	0	0	0	0
fsh-generated/resources/NamingSystem-crm-ba.json	1532	1	1	0	0	0	0	0	1	0	5	0	0	0	0	0	0	0	0	0	10	3	0	0	0	0	0	0
fsh-generated/resources/NamingSystem-crm-ce.json	1532	0	1	0	0	0	0	0	0	1	5	0	0	0	0	0	0	0	0	0	7	4	0	0	0	0	0	0
fsh-generated/resources/NamingSystem-crm-df.json	1532	0	0	0	0	0	0	0	0	1	5	0	0	0	0	0	0	0	0	0	8	3	0	0	0	0	0	0
fsh-generated/resources/NamingSystem-crm-es.json	1532	1	1	0	0	0	0	0	0	0	4	0	0	0	0	0	0	0	0	0	7	4	0	0	0	1	0	0
fsh-generated/resources/NamingSystem-crm-go.json	1532	0	1	0	0	0	0	0	0	1	5	0	0	0	0	0	0	0	0	0	8	4	0	0	0	0	0	1
fsh-generated/resources/NamingSystem-crm-ma.json	1532	0	0	0	0	0	0	0	0	1	4	0	0	0	0	0	0	0	0	0	7	3	0	0	0	0	0	0
fsh-generated/resources/NamingSystem-crm-mg.json	1532	1	1	0	0	0	0	0	0	0	4	0	0	0	0	0	0	0	0	0	8	5	0	0	0	0	0	0
fsh-generated/resources/NamingSystem-crm-ms.json	1532	0	1	0	1	0	0	0	0	1	6	0	0	0	0	0	0	0	0	0	8	4	0	0	0	0	0	0
fsh-generated/resources/NamingSystem-crm-mt.json	1532	1	0	0	0	0	0	0	0	1	6	0	0	0	0	0	0	0	0	0	7	3	0	0	0	0	0	0
fsh-generated/resources/NamingSystem-crm-pa.json	1532	0	1	0	0	0	0	0	0	1	4	0	0	0	0	0	0	0	0	0	6	4	0	0	0	0	0	0
fsh-generated/resources/NamingSystem-crm-pb.json	1532	0	2	0	0	0	0	0	0	0	4	0	0	0	0	0	0	0	0	0	7	3	0	0	0	1	0	0
fsh-generated/resources/NamingSystem-crm-pe.json	1532	1	1	0	0	0	0	0	0	1	6	0	0	0	0	0	0	0	0	0	7	4	0	0	0	0	0	0
fsh-generated/resources/NamingSystem-crm-pi.json	1532	0	1	0	0	0	0	0	0	1	4	0	0	0	0	0	0	0	0	0	6	3	0	0	0	0	0	0
fsh-generated/resources/NamingSystem-crm-pr.json	1532	1	1	0	0	0	0	0	0	0	5	0	0	0	0	0	0	0	0	0	7	3	0	0	0	0	0	0
fsh-generated/resources/NamingSystem-crm-rj.json	1532	0	1	0	0	0	0	0	0	1	4	0	0	0	0	0	0	0	0	0	7	5	0	0	0	0	0	0
fsh-generated/resources/NamingSystem-crm-rn.json	1532	0	0	0	0	0	0	0	0	1	6	0	0	0	0	0	0	0	0	0	7	4	0	0	0	0	0	0
fsh-generated/resources/NamingSystem-crm-ro.json	1532	1	1	0	0	0	0	0	1	1	5	0	0	0	0	0	0	0	0	0	7	4	0	0	0	1	0	0
fsh-generated/resources/NamingSystem-crm-rr.json	1532	0	1	0	1	0	0	0	0	0	5	0	0	0	0	0	0	0	0	0	6	3	0	0	0	0	0	0
fsh-generated/resources/NamingSystem-crm-rs.json	1532	0	1	0	0	0	0	0	0	1	5	0	0	0	0	0	0	0	0	0	7	4	0	0	0	0	0	0
fsh-generated/resources/NamingSystem-crm-sc.json	1532	0	1	0	0	0	0	0	0	1	4	0	0	0	0	0	0	0	0	0	8	4	0	0	0	0	0	0
fsh-generated/resources/NamingSystem-crm-se.json	1532	1	1	0	0	0	0	0	0	0	5	0	0	0	0	0	0	0	0	0	7	3	0	0	0	0	0	0
fsh-generated/resources/NamingSystem-crm-sp.json	1532	0	0	0	0	0	0	0	0	1	4	0	0	0	0	0	0	0	0	0	8	3	0	0	0	1	0	0
fsh-generated/resources/NamingSystem-crm-to.json	1532	0	2	0	0	0	0	0	0	1	5	0	0	0	0	0	0	0	0	0	8	4	0	0	0	0	0	0
fsh-generated/resources/NamingSystem-crn-al.json	1542	0	1	0	0	0	0	0	0	0	5	0	0	0	0	0	0	0	0	0	6	3	0	0	0	0	0	0
fsh-generated/resources/NamingSystem-crn-ba-se.json	1553	1	1	0	0	0	0	0	0	1	4	0	0	0	0	0	0	0	0	0	7	3	0	0	0	0	0	0
fsh-generated/resources/NamingSystem-crn-ce-ma-pi.json	1564	0	2	0	0	0	0	0	0	0	6	0	0	0	0	0	0	0	0	0	6	4	0	0	0	0	0	0
fsh-generated/resources/NamingSystem-crn-df-go-mt-to.json	1575	0	1	0	0	0	0	0	0	1	5	0	0	0	0	0	0	0	0	0	7	3	0	0	0	0	0	0
fsh-generated/resources/NamingSystem-crn-pa-ac-am-ap-ro-rr.json	1597	1	2	0	1	0	0	0	0	1	6	0	0	0	0	0	0	0	0	0	6	3	0	0	0	1	0	0
fsh-generated/resources/NamingSystem-crn-pe-al-pb-rn.json	1575	0	1	0	0	0	0	0	0	1	5	0	0	0	0	0	0	0	0	0	8	3	0	0	0	0	0	0
fsh-generated/resources/NamingSystem-crn-pr.json	1542	0	1	0	0	0	0	0	0	1	5	0	0	0	0	0	0	0	0	0	11	3	0	0	0	0	0	0
fsh-generated/resources/NamingSystem-crn-rj-es.json	1553	0	1	0	0	0	0	0	0	0	6	0	0	0	0	0	0	0	0	0	8	3	0	0	0	0	0	0
fsh-generated/resources/NamingSystem-crn-rs.json	1542	1	0	0	0	0	0	0	0	1	6	0	0	0	0	0	0	0	0	0	6	3	0	0	0	0	0	0
fsh-generated/resources/NamingSystem-crn-sc.json	1542	0	1	0	0	0	0	0	1	0	5	0	0	0	0	0	0	0	0	0	7	3	0	0	0	0	0	0
fsh-generated/resources/NamingSystem-crn-sp-ms.json	1553	0	1	0	0	0	0	0	0	1	5	0	0	0	0	0	0	1	0	0	8	3	0	0	0	1	0	0
fsh-generated/resources/NamingSystem-cro-ac.json	1538	1	0	0	0	0	0	0	0	1	6	0	0	0	0	0	0	0	0	0	8	4	0	0	0	0	0	0
fsh-generated/resources/NamingSystem-cro-al.json	1538	0	1	0	0	0	0	0	0	0	4	0	0	0	0	0	0	0	0	0	7	3	0	0	0	0	0	0
fsh-generated/resources/NamingSystem-cro-am.json	1538	0	1	0	1	0	0	0	0	1	5	0	0	0	0	0	0	0	0	0	8	3	0	0	0	0	0	0
fsh-generated/resources/NamingSystem-cro-ap.json	1538	1	0	0	0	0	0	0	0	0	5	0	0	0	0	0	0	0	0	0	7	3	0	0	0	0	0	0
fsh-generated/resources/NamingSystem-cro-ba.json	1538	0	1	0	0	0	0	0	0	1	5	0	0	0	0	0	0	0	0	0	8	3	0	0	0	0	0	0
fsh-generated/resources/NamingSystem-cro-ce.json	1538	0	1	0	0	0	0	0	0	0	4	0	0	0	0	0	0	0	0	0	7	3	0	0	0	0	0	0
fsh-generated/resources/NamingSystem-cro-df.json	1538	0	0	0	0	0	0	0	0	1	5	0	0	0	0	0	0	0	0	0	8	3	0	0	0	1	0	0
fsh-generated/resources/NamingSystem-cro-es.json	1538	1	1	0	0	0	0	0	0	0	6	0	0	0	0	0	0	0	0	0	8	3	0	0	0	0	0	0
fsh-generated/resources/NamingSystem-cro-go.json	1538	0	1	0	0	0	0	0	0	1	4	0	0	0	0	0	0	0	0	0	7	3	0	0	0	0	0	0
fsh-generated/resources/NamingSystem-cro-ma.json	1538	0	1	0	0	0	0	0	0	1	4	0	0	0	0	0	0	0	0	0	8	3	0	0	0	0	0	0
fsh-generated/resources/NamingSystem-cro-mg.json	1538	0	0	0	0	0	0	0	0	0	4	0	0	0	0	0	0	0	0	0	8	3	0	0	0	0	0	0
fsh-generated/resources/NamingSystem-cro-ms.json	1538	1	1	0	0	0	0	0	0	1	6	0	0	0	0	0	0	0	0	0	7	4	0	0	0	0	0	0
fsh-generated/resources/NamingSystem-cro-mt.json	1538	0	1	0	0	0	0	0	0	0	4	0	0	0	0	0	0	0	0	0	7	3	0	0	0	1	0	1
fsh-generated/resources/NamingSystem-cro-pa.json	1538	0	0	0	0	0	0	0	0	1	4	0	0	0	0	0	0	0	0	0	7	3	0	0	0	0	0	0
fsh-generated/resources/NamingSystem-cro-pb.json	1538	0	1	0	1	0	0	0	1	0	5	0	0	0	0	0	0	0	0	0	7	4	0	0	0	0	0	0
fsh-generated/resources/NamingSystem-cro-pe.json	1538	1	1	0	0	0	0	0	0	1	4	0	0	0	0	0	0	0	0	0	8	3	0	0	0	0	0	0
fsh-generated/resources/NamingSystem-cro-pi.json	1538	0	1	0	0	0	0	0	0	1	3	0	0	0	0	0	0	0	0	0	6	4	0	0	0	0	0	0
fsh-generated/resources/NamingSystem-cro-pr.json	1538	0	0	0	0	0	0	0	0	0	7	0	0	0	0	0	0	0	0	0	9	5	0	0	0	0	0	0
fsh-generated/resources/NamingSystem-cro-rj.json	1538	1	1	0	0	0	0	0	0	1	5	0	0	0	0	0	0	0	0	0	9	4	0	0	0	1	0	0
fsh-generated/resources/NamingSystem-cro-rn.json	1538	0	1	0	0	0	0	0	0	0	5	0	0	0	0	0	0	0	0	0	7	4	0	0	0	0	0	0
fsh-generated/resources/NamingSystem-cro-ro.json	1538	0	0	0	0	0	0	0	0	1	5	0	0	0	0	0	0	0	0	0	8	4	0	0	0	0	0	0
fsh-generated/resources/NamingSystem-cro-rr.json	1538	1	1	0	0	0	0	0	0	1	7	0	0	0	0	0	0	0	0	0	7	4	0	0	0	0	0	0
fsh-generated/resources/NamingSystem-cro-rs.json	1538	0	1	0	0	0	0	0	0	0	5	0	0	0	0	0	0	0	0	0	7	3	0	0	0	0	0	0
fsh-generated/resources/NamingSystem-cro-sc.json	1538	0	1	0	0	0	0	0	0	1	4	0	0	0	0	0	0	0	0	0	7	3	0	0	0	0	0	0
fsh-generated/resources/NamingSystem-cro-se.json	1538	0	1	0	1	0	0	0	0	1	5	0	0	0	0	0	0	0	0	0	9	3	0	0	0	1	0	0
fsh-generated/resources/NamingSystem-cro-sp.json	1538	1	1	0	0	0	0	0	0	0	6	0	0	0	0	0	0	0	0	0	9	3	0	0	0	0	0	0
fsh-generated/resources/NamingSystem-cro-to.json	1538	0	1	0	0	0	0	0	0	1	5	0	0	0	0	0	0	0	0	0	9	3	0	0	0	0	0	0
fsh-generated/resources/NamingSystem-crp-ac-ro.json	1547	0	0	0	0	0	0	0	0	1	4	0	0	0	0	0	0	0	0	0	9	4	0	0	0	0	0	0
fsh-generated/resources/NamingSystem-crp-al.json	1536	1	1	0	0	0	0	0	0	0	5	0	0	0	0	0	0	0	0	0	7	3	0	0	0	0	0	0
fsh-generated/resources/NamingSystem-crp-am-rr.json	1547	0	1	0	0	0	0	0	0	1	5	0	0	0	0	0	0	0	0	0	9	3	0	0	0	1	0	0
fsh-generated/resources/NamingSystem-crp-ba.json	1536	0	0	0	0	0	0	0	1	0	4	0	0	0	0	0	0	0	0	0	8	2	0	0	0	0	0	0
fsh-generated/resources/NamingSystem-crp-ce.json	1536	1	1	0	0	0	0	0	0	1	5	0	0	0	0	0	0	0	0	0	7	4	0	0	0	0	0	0
fsh-generated/resources/NamingSystem-crp-df.json	1536	0	0	0	0	0	0	0	0	0	4	0	0	0	0	0	0	0	0	0	8	3	0	0	0	0	0	0
fsh-generated/resources/NamingSystem-crp-es.json	1536	0	1	0	0	0	0	0	0	1	5	0	0	0	0	0	0	0	0	0	7	3	0	0	0	1	0	0
fsh-generated/resources/NamingSystem-crp-go.json	1536	1	1	0	0	0	0	0	0	1	6	0	0	0	0	0	0	0	0	0	9	3	0	0	0	0	0	0
fsh-generated/resources/NamingSystem-crp-ma.json	1536	0	1	0	1	0	0	0	0	0	4	0	0	0	0	0	0	0	0	0	9	4	0	0	0	0	0	0
fsh-generated/resources/NamingSystem-crp-mg.json	1536	0	1	0	0	0	0	0	0	1	4	0	0	0	0	0	0	0	0	0	8	3	0	0	0	0	0	0
fsh-generated/resources/NamingSystem-crp-ms.json	1536	0	0	0	0	0	0	0	0	0	5	0	0	0	0	0	0	0	0	0	7	3	0	0	0	0	0	0
fsh-generated/resources/NamingSystem-crp-mt.json	1536	1	1	0	0	0	0	0	0	1	5	0	0	0	0	0	0	0	0	0	8	4	0	0	0	0	0	0
fsh-generated/resources/NamingSystem-crp-pa-ap.json	1547	0	0	0	0	0	0	0	0	1	4	0	0	0	0	0	0	0	0	0	9	3	0	0	0	1	0	0
fsh-generated/resources/NamingSystem-crp-pb.json	1536	0	1	0	0	0	0	0	0	0	4	0	0	0	0	0	0	0	0	0	11	5	0	0	0	0	0	0
fsh-generated/resources/NamingSystem-crp-pe.json	1536	1	1	0	0	0	0	0	0	1	7	0	0	0	0	0	0	0	0	0	8	3	0	0	0	0	0	0
fsh-generated/resources/NamingSystem-crp-pi.json	1536	0	0	0	0	0	0	0	0	1	6	0	0	0	0	0	0	0	0	0	7	3	0	0	0	0	0	0
fsh-generated/resources/NamingSystem-crp-pr.json	1536	0	1	0	0	0	0	0	0	1	4	0	0	0	0	0	0	0	0	0	7	5	0	0	0	0	0	0
fsh-generated/resources/NamingSystem-crp-rj.json	1536	1	1	0	0	0	0	0	0	0	5	0	0	0	0	0	0	0	0	0	7	3	0	0	0	0	0	0
fsh-generated/resources/NamingSystem-crp-rn.json	1536	0	0	0	1	0	0	0	0	1	4	0	0	0	0	0	0	0	0	0	7	5	0	0	0	1	0	0
fsh-generated/resources/NamingSystem-crp-rs.json	1536	0	1	0	0	0	0	0	1	1	4	0	0	0	0	0	0	0	0	0	7	4	0	0	0	0	0	0
fsh-generated/resources/NamingSystem-crp-sc.json	1536	1	0	0	0	0	0	0	0	0	3	0	0	0	0	0	0	0	0	0	7	3	0	0	0	0	0	0
fsh-generated/resources/NamingSystem-crp-se.json	1536	0	1	0	0	0	0	0	0	1	4	0	0	0	0	0	0	0	0	0	8	4	0	0	0	0	0	0
fsh-generated/resources/NamingSystem-crp-sp.json	1536	0	0	0	0	0	0	0	0	1	5	0	0	0	0	0	0	0	0	0	7	4	0	0	0	0	0	0
fsh-generated/resources/NamingSystem-crp-to.json	1536	0	1	0	0	0	0	0	0	0	5	0	0	0	0	0	0	0	0	0	7	6	0	0	0	0	0	0
fsh-generated/resources/NamingSystem-rne.json	1656	1	1	0	0	0	1	0	0	1	4	0	0	0	0	0	0	0	0	0	8	3	0	0	0	0	0	0
fsh-generated/resources/ValueSet-BRAlergenos.json	136184	5	0	0	0	0	0	0	4	119	0	0	0	0	0	0	0	1	0	0	330	450	0	1	0	13	0	1
fsh-generated/resources/ValueSet-BRAtendimentoPrestado.json	1799	0	0	0	0	0	0	0	0	2	0	0	0	0	0	0	0	0	0	0	9	18	0	0	0	1	0	0
fsh-generated/resources/ValueSet-BRBaseLegalLGPD.json	1521	0	0	0	0	0	0	0	0	2	0	0	0	0	0	0	0	0	0	0	9	20	0	0	0	0	0	0
fsh-generated/resources/ValueSet-BRCIAP2.json	74089	4	0	0	0	0	0	0	3	31	0	0	0	0	0	0	0	1	0	0	156	129	0	0	0	7	0	1
fsh-generated/resources/ValueSet-BRCID10.json	138594	5	0	0	0	0	0	0	5	408	0	0	0	0	0	0	0	0	0	0	294	933	0	0	0	14	0	0
fsh-generated/resources/ValueSet-BRCOREN.json	4962	1	0	0	0	0	0	0	0	3	0	0	0	0	0	0	0	0	0	0	21	18	0	0	0	1	0	0
fsh-generated/resources/ValueSet-BRCRF.json	4846	0	0	0	0	0	0	0	0	2	0	0	0	0	0	0	0	0	0	0	20	17	0	0	0	0	0	0
fsh-generated/resources/ValueSet-BRCRM.json	4837	1	0	0	0	0	0	0	0	2	0	0	0	0	0	0	0	1	0	0	19	60	0	0	0	0	0	1
fsh-generated/resources/ValueSet-BRCRO.json	4846	0	0	0	0	0	0	0	1	2	0	0	0	0	0	0	0	0	0	0	21	22	0	0	0	1	0	0
fsh-generated/resources/ValueSet-BRCaraterAtendimento.json	1941	0	0	0	0	0	0	0	0	1	0	0	0	0	0	0	0	0	0	0	9	16	0	0	0	0	0	0
fsh-generated/resources/ValueSet-BRCaraterAtendimentoMIRA.json	1346	1	0	0	0	0	0	0	0	1	0	0	0	0	0	0	0	0	0	0	10	15	0	0	0	0	0	0
fsh-generated/resources/ValueSet-BRCategoriaAgenteAlergiasReacoesAdversas.json	1821	0	0	0	1	0	0	0	0	2	0	0	0	0	0	0	0	0	0	0	12	22	0	0	0	0	0	0
fsh-generated/resources/ValueSet-BRCategoriaDiagnostico.json	1371	0	0	0	0	0	0	0	0	1	0	0	0	0	0	0	0	0	0	0	7	15	0	0	0	1	0	0
fsh-generated/resources/ValueSet-BRCategoriaExame.json	8041	0	0	0	0	0	0	0	0	4	0	0	0	0	0	0	0	0	0	0	24	24	0	0	0	0	0	0
fsh-generated/resources/ValueSet-BRCategoriaProcedimento.json	10702	1	0	0	0	0	0	0	1	7	0	0	0	0	0	0	0	0	0	0	32	425	0	0	0	1	0	0
fsh-generated/resources/ValueSet-BRConclusaoColposcopia.json	1081	0	0	0	0	0	0	0	0	2399	0	0	0	0	0	0	0	0	0	0	10	435	0	0	0	0	0	0
fsh-generated/resources/ValueSet-BRCondicaoAmostra.json	2724	0	0	0	0	0	0	0	0	2821	0	0	0	0	0	0	0	0	0	0	15	503	0	0	0	1	0	0
fsh-generated/resources/ValueSet-BRCondicaoMaternal.json	1429	1	0	0	0	0	0	0	0	4	0	0	0	0	0	0	0	0	0	0	7	27	0	0	0	0	0	0
fsh-generated/resources/ValueSet-BRCondutaColposcopia.json	1229	0	0	0	0	0	0	0	0	7	0	0	0	0	0	0	0	0	0	0	9	463	0	0	0	0	0	0
fsh-generated/resources/ValueSet-BRCondutaTeleconsultoria.json	1193	0	0	0	0	0	0	0	0	4	0	0	0	0	0	0	0	0	0	0	9	19	0	0	0	0	0	0
fsh-generated/resources/ValueSet-BRCoreMedicationNotGiven.json	1505	0	0	0	0	0	0	0	0	3	0	0	0	0	0	0	0	0	0	0	7	11	0	0	0	0	0	0
fsh-generated/resources/ValueSet-BRCriticidadeAlergiasReacoesAdversas.json	1528	1	0	0	0	0	0	0	0	3	0	0	0	0	0	0	0	0	0	0	10	11	0	0	0	0	0	0
fsh-generated/resources/ValueSet-BRDeficiencias.json	139954	5	0	0	0	0	0	0	5	271	0	0	0	0	0	0	0	1	0	0	337	1203	0	0	0	15	0	1
fsh-generated/resources/ValueSet-BRDesfechoProcedimento.json	1562	0	0	0	0	0	0	0	0	1	0	0	0	0	0	0	0	0	0	0	9	12	0	0	0	0	0	0
fsh-generated/resources/ValueSet-BRDireitoTitularDados.json	1318	1	0	0	0	0	0	0	0	3	0	0	0	0	0	0	0	0	0	0	7	230	0	0	0	1	0	0
fsh-generated/resources/ValueSet-BRDispositivo-Medico.json	21848	1	0	0	0	0	0	0	1	2857	0	0	0	0	0	0	0	0	0	0	41	546	0	0	0	1	0	0
fsh-generated/resources/ValueSet-BRDose.json	9535	0	0	0	0	0	0	0	0	13	0	0	0	0	0	0	0	0	0	0	23	28	0	0	0	1	0	0
fsh-generated/resources/ValueSet-BRElegibilidadeImunobiologico.json	1427	1	0	0	0	0	0	0	0	3	0	0	0	0	0	0	0	0	0	0	6	14	0	0	0	0	0	0
fsh-generated/resources/ValueSet-BREstadoCivil.json	1786	0	0	0	0	0	0	0	0	4	0	0	0	0	0	0	0	0	0	0	10	18	0	0	0	0	0	0
fsh-generated/resources/ValueSet-BREstadoEvento.json	1904	0	0	0	0	0	0	0	0	3	0	0	0	0	0	0	0	0	0	0	12	17	0	0	0	1	0	0
fsh-generated/resources/ValueSet-BREstadoObservacao.json	1339	0	0	0	0	0	0	0	0	2	0	0	0	0	0	0	0	0	0	0	12	19	0	0	0	0	0	0
fsh-generated/resources/ValueSet-BREstadoResolucaoDiagnosticoProblema.json	1881	1	0	0	0	0	0	0	0	2	0	0	0	0	0	0	0	0	0	0	11	18	0	0	0	0	0	0
fsh-generated/resources/ValueSet-BREstadoSolicitacaoMedicamento.json	1856	0	0	0	0	0	0	0	0	2	0	0	0	0	0	0	0	0	0	0	10	14	0	0	0	1	0	0
fsh-generated/resources/ValueSet-BREstrategiaVacinacao.json	2384	0	0	0	0	0	0	0	0	2	0	0	0	0	0	0	0	0	0	0	10	21	0	0	0	0	0	0
fsh-generated/resources/ValueSet-BREtniaIndigena.json	40211	2	0	0	0	0	0	0	2	2775	0	0	0	0	0	0	0	1	0	0	94	319	0	0	0	4	0	0
fsh-generated/resources/ValueSet-BRExameHPV.json	4715	0	0	0	0	0	0	0	0	27	0	0	0	0	0	0	0	0	0	0	17	505	0	0	0	0	0	0
fsh-generated/resources/ValueSet-BRFabricanteImunobiologico.json	8239	1	0	0	0	0	0	0	0	4	0	0	0	0	0	0	0	0	0	0	23	23	0	0	0	1	0	0
fsh-generated/resources/ValueSet-BRFinalidadeTratamentoDados.json	1088	0	0	0	0	0	0	0	1	3	0	0	0	0	0	0	0	0	0	0	7	807	0	0	0	0	0	0
fsh-generated/resources/ValueSet-BRFormaOrganizacaoTabelaSUS.json	491	0	0	0	0	0	0	0	0	1	0	0	0	0	0	0	0	0	0	0	7	896	0	0	0	0	0	0
fsh-generated/resources/ValueSet-BRFreqUsoSubstancia.json	873	0	0	0	0	0	0	0	0	1	0	0	0	0	0	0	0	0	0	0	7	4243	0	0	0	0	0	0
fsh-generated/resources/ValueSet-BRGrauCertezaAlergiasReacoesAdversas.json	1650	1	0	0	0	0	0	0	0	1	0	0	0	0	0	0	0	0	0	0	9	12	0	0	0	1	0	0
fsh-generated/resources/ValueSet-BRHPVInterpretacao.json	2258	0	0	0	0	0	0	0	0	2797	0	0	0	0	0	0	0	0	0	0	10	497	0	0	0	0	0	0
fsh-generated/resources/ValueSet-BRIdentidadeGenero.json	2189	0	0	0	0	0	0	0	0	7	0	0	0	0	0	0	0	0	0	0	11	918	0	0	0	0	0	0
fsh-generated/resources/ValueSet-BRImunobiologico.json	10712	1	0	0	0	0	0	0	0	14	0	0	0	0	0	0	0	0	0	0	28	34	0	0	0	1	0	1
fsh-generated/resources/ValueSet-BRInstalacoesFisicas.json	5582	0	0	0	0	0	0	0	1	7	0	0	0	0	0	0	0	0	0	0	18	18	0	0	0	0	0	0
fsh-generated/resources/ValueSet-BRJustificativaIndividuoNaoIdentificado.json	2024	0	0	0	0	0	0	0	0	2	0	0	0	0	0	0	0	0	0	0	9	13	0	0	0	0	0	0
fsh-generated/resources/ValueSet-BRLocalAfericao.json	2062	1	0	0	0	0	0	0	0	3	0	0	0	0	0	0	0	0	0	0	9	13	0	0	0	1	0	0
fsh-generated/resources/ValueSet-BRLocalAplicacao.json	3721	0	0	0	0	0	0	0	0	3	0	0	0	0	0	0	0	0	0	0	11	14	0	0	0	0	0	0
fsh-generated/resources/ValueSet-BRModalidadeAssistencial.json	2114	0	0	0	0	0	0	0	0	2	0	0	0	0	0	0	0	0	0	0	9	13	0	0	0	0	0	0
fsh-generated/resources/ValueSet-BRModalidadeAssistencialMIRA.json	1423	1	0	0	0	0	0	0	0	1	0	0	0	0	0	0	0	0	0	0	7	13	0	0	0	0	0	0
fsh-generated/resources/ValueSet-BRModalidadeFinanceira.json	1515	0	0	0	0	0	0	0	0	1	0	0	0	0	0	0	0	0	0	0	7	13	0	0	0	0	0	0
fsh-generated/resources/ValueSet-BRModalidadeImagem.json	3534	0	0	0	0	0	0	0	0	3	0	0	0	0	0	0	0	0	0	0	14	53	0	0	0	1	0	0
fsh-generated/resources/ValueSet-BRModalidadeTelessaude.json	1298	0	0	0	0	0	0	0	0	3	0	0	0	0	0	0	0	0	0	0	8	654	0	0	0	0	0	0
fsh-generated/resources/ValueSet-BRMotivoDesfecho.json	2088	1	0	0	0	0	0	0	0	2	0	0	0	0	0	0	0	0	0	0	8	13	0	0	0	0	0	0
fsh-generated/resources/ValueSet-BRMotivoProcedimentoNaoRealizado.json	1975	0	0	0	0	0	0	0	1	1	0	0	0	0	0	0	0	0	0	0	7	12	0	0	0	0	0	0
fsh-generated/resources/ValueSet-BRMotivoRealizacaoExame.json	1071	0	0	0	0	0	0	0	0	3147	0	0	0	0	0	0	0	0	0	0	9	1237	0	0	0	0	0	0
fsh-generated/resources/ValueSet-BRMotivoTeleconsultoria.json	1008	0	0	0	0	0	0	0	0	3	0	0	0	0	0	0	0	0	0	0	8	1213	0	0	0	1	0	0
fsh-generated/resources/ValueSet-BRMunicipio.json	4006	0	0	0	0	0	0	0	0	2	0	0	0	0	0	0	0	0	0	0	12	17	0	0	0	0	0	0
fsh-generated/resources/ValueSet-BRNomeExame.json	19804	1	0	0	0	0	0	0	1	10	0	0	0	0	0	0	0	0	0	0	42	3974	0	0	0	1	0	0
fsh-generated/resources/ValueSet-BRNomeExameLOINC.json	80149	3	0	0	0	0	0	0	2	23	0	0	0	0	0	0	0	1	0	0	198	95	0	0	0	6	0	0
fsh-generated/resources/ValueSet-BRNomeExameTRCOVID19LOINC.json	1898	1	0	0	0	0	0	0	0	2	0	0	0	0	0	0	0	0	0	0	9	12	0	0	0	0	0	0
fsh-generated/resources/ValueSet-BROCI-IC.json	3371	0	0	0	0	0	0	0	0	1306	0	0	0	0	0	0	0	0	0	0	11	1021	0	0	0	1	0	0
fsh-generated/resources/ValueSet-BRObservationReferencia.json	1451	1	0	0	0	0	0	0	0	2	0	0	0	0	0	0	0	0	0	0	7	1262	0	0	0	0	0	0
fsh-generated/resources/ValueSet-BRObservationRestricaoIntervaloReferencia.json	2481	0	0	0	0	0	0	0	0	6	0	0	0	0	0	0	0	0	0	0	13	17	0	0	0	0	0	0
fsh-generated/resources/ValueSet-BROcupacao.json	114712	4	0	0	0	0	0	0	4	53	0	0	0	0	0	0	0	1	0	0	246	220	0	0	0	13	0	1
fsh-generated/resources/ValueSet-BROrgaoExpedidor.json	6018	1	0	0	0	0	0	0	1	3	0	0	0	0	0	0	0	0	0	0	18	18	0	0	0	0	0	0
fsh-generated/resources/ValueSet-BROrtesesProtesesImplantaveis.json	4032	0	0	0	0	0	0	0	0	2212	0	0	0	0	0	0	0	0	0	0	12	654	0	0	0	0	0	0
fsh-generated/resources/ValueSet-BROutrosProfissionais.json	12823	1	0	0	0	0	0	0	0	6	0	0	0	0	0	0	0	0	0	0	46	31	0	0	0	2	0	1
fsh-generated/resources/ValueSet-BRPais.json	31896	2	0	0	0	0	0	0	2	12	0	0	0	0	0	0	0	0	0	0	67	56	0	0	0	2	0	0
fsh-generated/resources/ValueSet-BRParentesco.json	1315	0	0	0	0	0	0	0	0	2	0	0	0	0	0	0	0	0	0	0	8	10	0	0	0	1	0	0
fsh-generated/resources/ValueSet-BRPopulacaoTradicional.json	3785	0	0	0	0	0	0	0	0	1	0	0	0	0	0	0	0	0	0	0	13	14	0	0	0	0	0	0
fsh-generated/resources/ValueSet-BRPosicaoIndividuo.json	1624	0	0	0	0	0	0	0	0	1	0	0	0	0	0	0	0	0	0	0	8	11	0	0	0	0	0	0
fsh-generated/resources/ValueSet-BRPovoItinerante.json	1792	1	0	0	0	0	0	0	0	1	0	0	0	0	0	0	0	0	0	0	7	11	0	0	0	0	0	0
fsh-generated/resources/ValueSet-BRPrescricaoNaoEstruturada.json	1936	0	0	0	0	0	0	0	0	1	0	0	0	0	0	0	0	0	0	0	8	11	0	0	0	0	0	0
fsh-generated/resources/ValueSet-BRProblemaDiagnostico.json	138651	5	0	0	0	0	0	0	5	388	0	0	0	0	0	0	0	1	0	0	295	815	0	0	0	14	0	1
fsh-generated/resources/ValueSet-BRProcedencia.json	1636	0	0	0	0	0	0	0	0	3	0	0	0	0	0	0	0	0	0	0	8	10	0	0	0	0	0	0
fsh-generated/resources/ValueSet-BRProcedimentosNacionais.json	132551	28	0	0	0	0	0	0	4	27	0	0	0	0	0	0	0	1	0	0	218	1250	0	0	0	13	0	1
fsh-generated/resources/ValueSet-BRProgramaSaude.json	8241	1	0	0	0	0	0	0	0	4	0	0	0	0	0	0	1	0	0	0	22	27	0	0	0	1	0	0
fsh-generated/resources/ValueSet-BRRacaCor.json	1642	0	0	0	0	0	0	0	0	1	0	0	0	0	0	0	0	0	0	0	7	15	0	0	0	0	0	0
fsh-generated/resources/ValueSet-BRReacoesAdversasMedDRA.json	3868	0	0	0	1	0	0	0	1	2	0	0	0	0	0	0	0	0	0	0	12	16	0	0	0	0	0	0
fsh-generated/resources/ValueSet-BRReasonEncounter.json	137910	5	0	0	0	0	0	0	4	170	0	0	0	0	0	0	0	1	0	0	292	1024	0	0	0	14	0	0
fsh-generated/resources/ValueSet-BRRegistroOrigem.json	1381	1	0	0	0	0	0	0	0	1	0	0	0	0	0	0	0	0	0	0	9	17	0	0	0	1	0	0
fsh-generated/resources/ValueSet-BRResponsabilidadeParticipante.json	1975	0	0	0	0	0	0	0	0	2	0	0	0	0	0	0	0	0	0	0	10	17	0	0	0	0	0	0
fsh-generated/resources/ValueSet-BRResultadoQualitativoExame.json	4749	1	0	0	0	0	0	0	0	4	0	0	0	0	0	0	0	0	0	0	26	23	0	0	0	0	0	0
fsh-generated/resources/ValueSet-BRResultadoQualitativoHPV.json	979	0	0	0	0	0	0	0	0	2	0	0	0	0	0	0	0	0	0	0	12	29	0	0	0	0	0	0
fsh-generated/resources/ValueSet-BRServicoEspecializado.json	9171	0	0	0	0	0	0	0	1	4	0	0	0	0	0	0	0	0	0	0	37	21	0	0	0	1	0	0
fsh-generated/resources/ValueSet-BRSexo.json	1458	0	0	0	0	0	0	0	0	1	0	0	0	0	0	0	0	0	0	0	9	12	0	0	0	0	0	0
fsh-generated/resources/ValueSet-BRSexoNascimento.json	1703	1	0	0	0	0	0	0	0	1	0	0	0	1	0	0	0	0	0	0	12	13	0	0	0	0	0	0
fsh-generated/resources/ValueSet-BRSinaisVitais.json	2191	0	0	0	0	0	0	0	0	2	0	0	0	0	0	0	0	0	0	0	10	3582	0	0	0	1	0	0
fsh-generated/resources/ValueSet-BRSubGrupoTabelaSUS.json	7329	0	0	0	0	0	0	0	0	3	0	0	0	0	0	0	0	0	0	0	22	21	0	0	0	0	0	0
fsh-generated/resources/ValueSet-BRTabelaSUS.json	411	0	0	0	0	0	0	0	0	2	0	0	0	0	0	0	0	0	0	0	11	835	0	0	0	1	0	1
fsh-generated/resources/ValueSet-BRTabelaSUSOCI-IC.json	1901	1	0	0	0	0	0	0	0	316	0	0	0	0	0	0	0	1	0	0	11	1258	0	0	0	0	0	0
fsh-generated/resources/ValueSet-BRTerminologiaMedicamento.json	130864	5	0	0	0	0	0	0	5	71	0	0	0	0	0	0	0	0	1	0	302	160	0	0	0	12	0	0
fsh-generated/resources/ValueSet-BRTerminologiaPatogeno.json	1901	0	0	0	0	0	0	0	0	2	0	0	0	0	0	0	0	0	0	0	8	10	0	0	0	0	0	0
fsh-generated/resources/ValueSet-BRTerminologiaSuspeitaDiagnostica.json	138700	5	0	0	0	0	0	0	4	533	0	0	0	0	0	0	0	1	0	0	310	747	0	0	0	14	0	1
fsh-generated/resources/ValueSet-BRTipoAleitamentoMaterno.json	1743	0	0	0	0	0	0	0	1	1	0	0	0	0	0	0	0	0	0	0	8	10	0	0	0	1	0	0
fsh-generated/resources/ValueSet-BRTipoAmostra.json	7488	0	0	0	0	0	0	0	0	4	0	0	0	0	0	0	0	0	0	0	20	18	0	0	0	1	0	0
fsh-generated/resources/ValueSet-BRTipoDadoPessoal.json	738	1	0	0	0	0	0	0	0	2	0	0	0	0	0	0	0	0	0	0	8	925	0	0	0	0	0	0
fsh-generated/resources/ValueSet-BRTipoDadoPessoalLGPD.json	754	0	0	0	0	0	0	0	0	2	0	0	0	0	0	0	0	0	0	0	8	11	0	0	0	0	0	0
fsh-generated/resources/ValueSet-BRTipoDeficiencia.json	963	0	0	0	0	0	0	0	0	1994	0	0	0	0	0	0	0	0	0	0	6	1229	0	0	0	1	0	0
fsh-generated/resources/ValueSet-BRTipoDocumento.json	2146	0	0	0	0	0	0	0	0	6	0	0	0	0	0	0	0	0	0	0	8	14	0	0	0	0	0	0
fsh-generated/resources/ValueSet-BRTipoDocumentoIndividuo.json	6922	1	0	0	0	0	0	0	0	12	0	0	0	0	0	0	0	0	0	0	22	19	0	0	0	0	0	0
fsh-generated/resources/ValueSet-BRTipoEstabelecimentoSaude.json	5391	0	0	0	0	0	0	0	1	8	0	0	0	0	0	0	0	0	0	0	24	15	0	0	0	1	0	0
fsh-generated/resources/ValueSet-BRTipoIdentificador.json	7273	0	0	0	0	0	0	0	0	8	0	0	0	0	0	0	0	0	0	0	35	18	0	0	0	0	0	0
fsh-generated/resources/ValueSet-BRTipoIdentificadorProcedimento.json	1334	1	0	0	0	0	0	0	0	2	0	0	0	0	0	0	0	0	0	0	8	10	0	0	0	0	0	0
fsh-generated/resources/ValueSet-BRTipoLogradouro.json	1333	0	0	0	0	0	0	0	0	2	0	0	0	0	0	0	0	0	0	0	7	10	0	0	0	0	0	0
fsh-generated/resources/ValueSet-BRTipoObservacao.json	4114	0	0	0	0	0	0	0	0	4	0	0	0	0	0	0	0	0	0	0	14	6095	0	0	0	1	0	0
fsh-generated/resources/ValueSet-BRTipoParticipante.json	1605	0	0	0	0	0	0	0	0	2	0	0	0	0	0	0	0	0	0	0	8	11	0	0	0	0	0	0
fsh-generated/resources/ValueSet-BRTipoTeleconsultoria.json	653	1	0	0	0	0	0	0	0	2	0	0	0	0	0	0	0	0	0	0	7	1668	0	0	0	0	0	0
fsh-generated/resources/ValueSet-BRUnidadeFederativa.json	4039	0	0	0	0	0	0	0	0	2	0	0	0	0	0	0	0	1	0	0	14	16	0	0	0	0	0	0
fsh-generated/resources/ValueSet-BRUnidadeMedidaMedicamento.json	7864	0	0	0	0	0	0	0	1	4	0	0	0	0	0	0	0	0	0	0	22	21	0	0	0	1	0	0
fsh-generated/resources/ValueSet-BRViaAdministracao.json	7681	1	0	0	0	0	0	0	0	3	0	0	0	0	0	0	0	0	0	0	27	21	0	0	0	0	0	0
fsh-generated/resources/ValueSet-OCIOftalmo.json	1331	0	0	0	0	0	0	0	0	1298	0	0	0	0	0	0	0	0	0	0	15	1736	0	0	0	1	0	0
fsh-generated/resources/ValueSet-OCIOnco.json	2173	0	0	0	0	0	0	0	0	1345	0	0	0	0	0	0	0	0	0	0	11	1320	0	0	0	0	0	0
fsh-generated/resources/ValueSet-OCIOrtopedia.json	1105	0	0	0	0	0	0	0	0	1801	0	0	0	0	0	0	0	0	0	0	8	1357	0	0	0	0	0	0
fsh-generated/resources/ValueSet-OCIOtorrino.json	850	1	0	0	0	0	0	0	1	1752	0	0	0	0	0	0	0	0	0	0	8	1327	0	0	0	0	0	0
fsh-generated/resources/ValueSet-TipoConvenio.json	1598	0	0	0	0	0	0	0	0	2	0	0	0	0	0	0	0	0	0	0	9	14	0	0	0	0	0	0
/input/includes/menu.xml	333	-	-	-	0	0	0	0	0	0	0	0	0	0	0	0	0	0	0	0	0	1	0	0	0	0	0	0
/fsh-generated/includes/fsh-link-references.md	25626	-	-	-	0	0	0	0	0	0	0	0	0	0	0	0	0	0	0	0	0	0	0	0	0	0	0	0
/input/pagecontent/changes.xml	486	-	-	-	0	0	0	0	0	0	0	0	0	0	0	0	0	0	0	0	0	54	0	0	0	0	0	0
/input/pagecontent/index.md	3071	-	-	-	0	0	0	0	0	0	0	0	0	0	0	0	0	0	0	0	0	0	0	0	0	0	0	0
/input/pagecontent/downloads.xml	510	-	-	-	0	0	0	0	0	0	0	0	0	0	0	0	0	0	0	0	0	31	0	0	0	0	0	0
/template/config	0	-	-	-	0	0	0	0	0	0	0	0	0	0	0	0	0	0	0	0	0	0	0	0	0	0	0	0
/template/config/_config.yml	31	-	-	-	0	0	0	0	0	0	0	0	0	0	0	0	0	0	0	0	0	0	0	0	0	0	0	0
/temp/pages/_includes/artifacts.xml	177945	-	-	-	-	-	-	-	-	-	-	-	-	-	-	-	-	-	-	-	-	6	0	0	0	0	0	0
